,id,value
0,Outdoor Tools & Equipments.Trimmer,0
1,Outdoor Tools & Equipments.Blower,0
2,Outdoor Tools & Equipments.Chainsaws,0
3,Outdoor Tools & Equipments.Lawn Mower,0
4,Outdoor Tools & Equipments.Pressure Washers,0
5,Outdoor Tools & Equipments.Pressure Washers.Nozzles,0
6,Outdoor Tools & Equipments.Chainsaws.Sharpeners,0
7,Outdoor Tools & Equipments.Lawn Mower.Blades & Sharpeners,0
8,Outdoor Tools & Equipments.Trimmer.Replacement Heads,0
9,Outdoor Tools & Equipments.Lawn Mower.Engines,0
10,Outdoor Tools & Equipments.Pressure Washers.Hoses,0
11,Outdoor Tools & Equipments.Trimmer.Batteries,0
12,Outdoor Tools & Equipments.Blower.Charger,0
13,"Outdoor Tools & Equipments.Trimmer.Oils, Lubricants & Additives",0
14,Outdoor Tools & Equipments.Lawn Mower.Wheels,0
15,Outdoor Tools & Equipments.Pressure Washers.Fittings,0
16,Outdoor Tools & Equipments.Pressure Washers.Extension Wands,0
17,Outdoor Tools & Equipments.Blower.Battery,0
18,Outdoor Tools & Equipments.Lawn Mower.Gas Cans,0
19,Outdoor Tools & Equipments.Pressure Washers.Spray Guns,0
20,Outdoor Tools & Equipments.Lawn Mower.Batteries & Chargers,0
21,Outdoor Tools & Equipments.Trimmer.Trimmer Line,0
22,Outdoor Tools & Equipments.Chainsaws.Chains,0
23,Outdoor Tools & Equipments.Pressure Washers.Pumps,0
24,Outdoor Tools & Equipments.Chainsaws.Oil,0
25,Outdoor Tools & Equipments.Chainsaws.Bars,0
26,Outdoor Tools & Equipments.Chainsaws.Cases,0
27,Outdoor Tools & Equipments.Blower.Vacuum Kit,0
28,Outdoor Tools & Equipments.Blower.Bag,0
29,Outdoor Tools & Equipments.Lawn Mower.Gas Cans.gas mower blade,0
30,Outdoor Tools & Equipments.Blower.Charger.game changer,0
31,Outdoor Tools & Equipments.Lawn Mower.Batteries & Chargers.replacement battery,0
32,Outdoor Tools & Equipments.Trimmer.Trimmer Line.grade line,0
33,Outdoor Tools & Equipments.Trimmer.Trimmer Line.weed trimmer line,0
34,Outdoor Tools & Equipments.Trimmer.Replacement Heads.replacement head,0
35,Outdoor Tools & Equipments.Lawn Mower.Engines.hp engine,0
36,Outdoor Tools & Equipments.Trimmer.Batteries.battery light,0
37,Outdoor Tools & Equipments.Lawn Mower.Gas Cans.view gas tank,0
38,Outdoor Tools & Equipments.Blower.Battery.duty battery,0
39,Outdoor Tools & Equipments.Pressure Washers.Nozzles.nozzle,0
40,Outdoor Tools & Equipments.Blower.Battery.volume battery blower,0
41,Outdoor Tools & Equipments.Lawn Mower.Batteries & Chargers.stock replacement charger,0
42,Outdoor Tools & Equipments.Chainsaws.Chains.” gas chain,0
43,Outdoor Tools & Equipments.Blower.Charger.charge time,0
44,Outdoor Tools & Equipments.Lawn Mower.Blades & Sharpeners.blade adapter,0
45,Outdoor Tools & Equipments.Trimmer.Trimmer Line.troy bilt gas trimmer,0
46,Outdoor Tools & Equipments.Trimmer.Trimmer Line.line advance,0
47,Outdoor Tools & Equipments.Lawn Mower.Gas Cans.gas product,0
48,Outdoor Tools & Equipments.Lawn Mower.Batteries & Chargers.backup battery,0
49,Outdoor Tools & Equipments.Trimmer.Trimmer Line.ditch line,0
50,Outdoor Tools & Equipments.Lawn Mower.Blades & Sharpeners.blade restarts,0
51,Outdoor Tools & Equipments.Lawn Mower.Blades & Sharpeners.greenworks mower blade,0
52,Outdoor Tools & Equipments.Trimmer.Batteries.volt battery,0
53,Outdoor Tools & Equipments.Trimmer.Trimmer Line.value trimmer,0
54,Outdoor Tools & Equipments.Trimmer.Replacement Heads.replacement frequency,0
55,Outdoor Tools & Equipments.Trimmer.Trimmer Line.v trimmer,0
56,Outdoor Tools & Equipments.Trimmer.Trimmer Line.kobalt line,0
57,Outdoor Tools & Equipments.Trimmer.Trimmer Line.gas power trimmer,0
58,Outdoor Tools & Equipments.Pressure Washers.Pumps.water pump,0
59,Outdoor Tools & Equipments.Lawn Mower.Blades & Sharpeners.gas mower blade,0
60,Outdoor Tools & Equipments.Trimmer.Batteries.batter,0
61,Outdoor Tools & Equipments.Trimmer.Replacement Heads.head malfunction,0
62,Outdoor Tools & Equipments.Lawn Mower.Batteries & Chargers.volt battery,0
63,Outdoor Tools & Equipments.Blower.Battery.lithium battery,0
64,Outdoor Tools & Equipments.Blower.Vacuum Kit.product vacuum,0
65,Outdoor Tools & Equipments.Trimmer.Trimmer Line.kobalt hedger trimmer,0
66,Outdoor Tools & Equipments.Trimmer.Replacement Heads.head replacement,0
67,Outdoor Tools & Equipments.Lawn Mower.Wheels.row wheel mark,0
68,Outdoor Tools & Equipments.Trimmer.Replacement Heads.replacement part vendor,0
69,Outdoor Tools & Equipments.Pressure Washers.Extension Wands.wand,0
70,Outdoor Tools & Equipments.Trimmer.Trimmer Line.start trimmer,0
71,Outdoor Tools & Equipments.Trimmer.Trimmer Line.feed line,0
72,Outdoor Tools & Equipments.Chainsaws.Chains.broken chain,0
73,Outdoor Tools & Equipments.Trimmer.Trimmer Line.cycle trimmer,0
74,Outdoor Tools & Equipments.Chainsaws.Oil.oil tank,0
75,Outdoor Tools & Equipments.Blower.Charger.battery charge indicator,0
76,Outdoor Tools & Equipments.Blower.Battery.battery handy,0
77,Outdoor Tools & Equipments.Chainsaws.Bars.bar size,0
78,Outdoor Tools & Equipments.Chainsaws.Chains.style chain,0
79,Outdoor Tools & Equipments.Blower.Battery.battery time,0
80,Outdoor Tools & Equipments.Blower.Vacuum Kit.vacuum operation,0
81,Outdoor Tools & Equipments.Lawn Mower.Gas Cans.gas ok,0
82,Outdoor Tools & Equipments.Chainsaws.Chains.bar/ chain oil,0
83,Outdoor Tools & Equipments.Pressure Washers.Nozzles.degree nozzle,0
84,Outdoor Tools & Equipments.Trimmer.Trimmer Line.volt hedge trimmer,0
85,Outdoor Tools & Equipments.Blower.Vacuum Kit.vacuum kit,0
86,Outdoor Tools & Equipments.Trimmer.Replacement Heads.replacement spool save time,0
87,Outdoor Tools & Equipments.Blower.Vacuum Kit.vacuum hose,0
88,Outdoor Tools & Equipments.Chainsaws.Bars.saw bar,0
89,Outdoor Tools & Equipments.Blower.Battery.battery l af blower,0
90,Outdoor Tools & Equipments.Chainsaws.Chains.chain combo,0
91,Outdoor Tools & Equipments.Chainsaws.Bars.bar chainsaw,0
92,Outdoor Tools & Equipments.Trimmer.Batteries.cordless battery trimmer,0
93,Outdoor Tools & Equipments.Pressure Washers.Hoses.monster hose,0
94,Outdoor Tools & Equipments.Lawn Mower.Gas Cans.gas push lawn mower,0
95,Outdoor Tools & Equipments.Trimmer.Replacement Heads.shakespeare head,0
96,"Outdoor Tools & Equipments.Trimmer.Oils, Lubricants & Additives.mixing oil",0
97,Outdoor Tools & Equipments.Lawn Mower.Blades & Sharpeners.keyed blade,0
98,Outdoor Tools & Equipments.Lawn Mower.Batteries & Chargers.battery receptacle,0
99,Outdoor Tools & Equipments.Trimmer.Trimmer Line.trimmer attachment,0
100,Outdoor Tools & Equipments.Chainsaws.Chains.stihl chain,0
101,Outdoor Tools & Equipments.Trimmer.Batteries.something battery,0
102,Outdoor Tools & Equipments.Pressure Washers.Spray Guns.fan spray,0
103,Outdoor Tools & Equipments.Pressure Washers.Nozzles.deg nozzle,0
104,Outdoor Tools & Equipments.Trimmer.Trimmer Line.trimmer line spool,0
105,Outdoor Tools & Equipments.Lawn Mower.Gas Cans.gas tank filler tube,0
106,Outdoor Tools & Equipments.Lawn Mower.Engines.rwd honda engine husqvarna mower,0
107,Outdoor Tools & Equipments.Trimmer.Replacement Heads.replacement spool,0
108,Outdoor Tools & Equipments.Blower.Charger.charge battery,0
109,Outdoor Tools & Equipments.Pressure Washers.Extension Wands.wand store,0
110,Outdoor Tools & Equipments.Chainsaws.Oil.bar/chain oil use,0
111,Outdoor Tools & Equipments.Pressure Washers.Pumps.power sprayer pump,0
112,Outdoor Tools & Equipments.Blower.Battery.box battery,0
113,Outdoor Tools & Equipments.Lawn Mower.Batteries & Chargers.battery faster,0
114,Outdoor Tools & Equipments.Blower.Battery.cost battery,0
115,Outdoor Tools & Equipments.Lawn Mower.Gas Cans.gas version,0
116,Outdoor Tools & Equipments.Lawn Mower.Blades & Sharpeners.replacement blade,0
117,Outdoor Tools & Equipments.Chainsaws.Bars.bar size/engine size,0
118,Outdoor Tools & Equipments.Blower.Battery.battery rebate,0
119,Outdoor Tools & Equipments.Lawn Mower.Batteries & Chargers.battery pack,0
120,Outdoor Tools & Equipments.Trimmer.Trimmer Line.line loading function,0
121,Outdoor Tools & Equipments.Chainsaws.Cases.case scenario,0
122,Outdoor Tools & Equipments.Lawn Mower.Engines.engine damage,0
123,Outdoor Tools & Equipments.Pressure Washers.Nozzles.orifice nozzle,0
124,Outdoor Tools & Equipments.Lawn Mower.Wheels.wheel drive model,0
125,Outdoor Tools & Equipments.Trimmer.Replacement Heads.head guard,0
126,Outdoor Tools & Equipments.Blower.Battery.friggin battery,0
127,Outdoor Tools & Equipments.Chainsaws.Chains.chain oil,0
128,Outdoor Tools & Equipments.Lawn Mower.Blades & Sharpeners.blade pulley housing,0
129,Outdoor Tools & Equipments.Lawn Mower.Blades & Sharpeners.blade brake,0
130,Outdoor Tools & Equipments.Chainsaws.Chains.pull chain,0
131,Outdoor Tools & Equipments.Blower.Vacuum Kit.vacuum attachment,0
132,Outdoor Tools & Equipments.Chainsaws.Chains.chain ride,0
133,Outdoor Tools & Equipments.Lawn Mower.Wheels.front right wheel,0
134,Outdoor Tools & Equipments.Blower.Battery.capacity battery,0
135,Outdoor Tools & Equipments.Chainsaws.Oil.oil mixing,0
136,Outdoor Tools & Equipments.Trimmer.Batteries.battery power,0
137,Outdoor Tools & Equipments.Blower.Battery.kobalt tool battery,0
138,Outdoor Tools & Equipments.Trimmer.Trimmer Line.line fragment,0
139,Outdoor Tools & Equipments.Chainsaws.Bars.bar chain oil leakage,0
140,Outdoor Tools & Equipments.Trimmer.Trimmer Line.hedge trimmer replacement cord,0
141,Outdoor Tools & Equipments.Blower.Battery.battery power,0
142,Outdoor Tools & Equipments.Pressure Washers.Spray Guns.spray,0
143,Outdoor Tools & Equipments.Trimmer.Trimmer Line.c3 hedge trimmer,0
144,Outdoor Tools & Equipments.Lawn Mower.Blades & Sharpeners.shipping blade,0
145,Outdoor Tools & Equipments.Pressure Washers.Spray Guns.spray tip,0
146,Outdoor Tools & Equipments.Lawn Mower.Batteries & Chargers.battery lifespan,0
147,Outdoor Tools & Equipments.Blower.Vacuum Kit.vacuum function,0
148,Outdoor Tools & Equipments.Pressure Washers.Hoses.hose connector fitting,0
149,Outdoor Tools & Equipments.Trimmer.Trimmer Line.trimmer base,0
150,Outdoor Tools & Equipments.Lawn Mower.Batteries & Chargers.ego battery mower,0
151,Outdoor Tools & Equipments.Blower.Battery.amp hour battery,0
152,Outdoor Tools & Equipments.Trimmer.Replacement Heads.replacement trimmer,0
153,Outdoor Tools & Equipments.Pressure Washers.Spray Guns.surfacemaxx spray,0
154,Outdoor Tools & Equipments.Trimmer.Batteries.kobalt battery,0
155,Outdoor Tools & Equipments.Trimmer.Replacement Heads.head seldom,0
156,Outdoor Tools & Equipments.Blower.Battery.battery indicator light,0
157,Outdoor Tools & Equipments.Chainsaws.Chains.sthil chain,0
158,Outdoor Tools & Equipments.Blower.Battery.lithium ion battery,0
159,Outdoor Tools & Equipments.Trimmer.Replacement Heads.head lowes,0
160,Outdoor Tools & Equipments.Trimmer.Batteries.battery trimmer,0
161,Outdoor Tools & Equipments.Blower.Bag.leaf bag useage,0
162,Outdoor Tools & Equipments.Pressure Washers.Extension Wands.extension ladder,0
163,Outdoor Tools & Equipments.Trimmer.Trimmer Line.end gas trimmer,0
164,Outdoor Tools & Equipments.Trimmer.Trimmer Line.line spool,0
165,Outdoor Tools & Equipments.Trimmer.Batteries.replacement battery,0
166,Outdoor Tools & Equipments.Trimmer.Trimmer Line.decker trimmer,0
167,Outdoor Tools & Equipments.Lawn Mower.Engines.replacement honda engine,0
168,Outdoor Tools & Equipments.Blower.Bag.bag design,0
169,Outdoor Tools & Equipments.Lawn Mower.Blades & Sharpeners.blade engager,0
170,Outdoor Tools & Equipments.Lawn Mower.Batteries & Chargers.battery display,0
171,Outdoor Tools & Equipments.Chainsaws.Chains.chain lubricant,0
172,Outdoor Tools & Equipments.Lawn Mower.Blades & Sharpeners.lawn mower blade,0
173,Outdoor Tools & Equipments.Pressure Washers.Extension Wands.wand extension,0
174,Outdoor Tools & Equipments.Pressure Washers.Nozzles.disconnect nozzle,0
175,Outdoor Tools & Equipments.Lawn Mower.Batteries & Chargers.charge,0
176,Outdoor Tools & Equipments.Trimmer.Replacement Heads.line replacement,0
177,Outdoor Tools & Equipments.Lawn Mower.Batteries & Chargers.battery minute,0
178,Outdoor Tools & Equipments.Trimmer.Batteries.anything battery,0
179,Outdoor Tools & Equipments.Lawn Mower.Gas Cans.gas tank empty,0
180,Outdoor Tools & Equipments.Lawn Mower.Blades & Sharpeners.center blade assembly,0
181,Outdoor Tools & Equipments.Lawn Mower.Gas Cans.gas lawnmower,0
182,Outdoor Tools & Equipments.Lawn Mower.Batteries & Chargers.battery change,0
183,Outdoor Tools & Equipments.Lawn Mower.Batteries & Chargers.knock-off battery,0
184,Outdoor Tools & Equipments.Lawn Mower.Batteries & Chargers.battery chainsaw,0
185,Outdoor Tools & Equipments.Lawn Mower.Gas Cans.neighbor gas mower,0
186,Outdoor Tools & Equipments.Chainsaws.Bars.bar oiler,0
187,Outdoor Tools & Equipments.Trimmer.Trimmer Line.greenworks line,0
188,Outdoor Tools & Equipments.Trimmer.Trimmer Line.decker battery trimmer,0
189,Outdoor Tools & Equipments.Trimmer.Trimmer Line.volt trimmer,0
190,Outdoor Tools & Equipments.Lawn Mower.Blades & Sharpeners.blade thickness,0
191,Outdoor Tools & Equipments.Blower.Battery.battery replacement,0
192,Outdoor Tools & Equipments.Trimmer.Replacement Heads.replacement trimmer head,0
193,Outdoor Tools & Equipments.Lawn Mower.Batteries & Chargers.battery bring,0
194,Outdoor Tools & Equipments.Lawn Mower.Batteries & Chargers.charger,0
195,Outdoor Tools & Equipments.Chainsaws.Oil.oil mix,0
196,Outdoor Tools & Equipments.Lawn Mower.Gas Cans.gas mower,0
197,Outdoor Tools & Equipments.Lawn Mower.Engines.engine,0
198,Outdoor Tools & Equipments.Trimmer.Trimmer Line.bump trimmer,0
199,Outdoor Tools & Equipments.Lawn Mower.Gas Cans.gas lawnboys,0
200,Outdoor Tools & Equipments.Trimmer.Batteries.battery unit,0
201,Outdoor Tools & Equipments.Trimmer.Trimmer Line.kobalt battery trimmer,0
202,Outdoor Tools & Equipments.Lawn Mower.Blades & Sharpeners.replacement blade fit,0
203,Outdoor Tools & Equipments.Pressure Washers.Extension Wands.hand wand,0
204,Outdoor Tools & Equipments.Lawn Mower.Batteries & Chargers.battery device,0
205,Outdoor Tools & Equipments.Chainsaws.Chains.chain tension,0
206,Outdoor Tools & Equipments.Chainsaws.Chains.tight chain,0
207,Outdoor Tools & Equipments.Chainsaws.Chains.chain saw,0
208,Outdoor Tools & Equipments.Trimmer.Replacement Heads.replacement trimmer line,0
209,Outdoor Tools & Equipments.Lawn Mower.Blades & Sharpeners.quality blade,0
210,Outdoor Tools & Equipments.Lawn Mower.Batteries & Chargers.battery line,0
211,Outdoor Tools & Equipments.Lawn Mower.Wheels.drive wheel lock,0
212,Outdoor Tools & Equipments.Blower.Bag.strap bag,0
213,Outdoor Tools & Equipments.Trimmer.Replacement Heads.head screwdriver,0
214,Outdoor Tools & Equipments.Blower.Charger.charge left,0
215,Outdoor Tools & Equipments.Trimmer.Batteries.ion battery charge,0
216,Outdoor Tools & Equipments.Blower.Battery.battery price,0
217,Outdoor Tools & Equipments.Pressure Washers.Spray Guns.spray arm,0
218,Outdoor Tools & Equipments.Blower.Vacuum Kit.vacuum portion,0
219,Outdoor Tools & Equipments.Chainsaws.Bars.husqie bar oil,0
220,Outdoor Tools & Equipments.Trimmer.Replacement Heads.phillips head screwdriver,0
221,Outdoor Tools & Equipments.Lawn Mower.Wheels.front wheel assist,0
222,Outdoor Tools & Equipments.Lawn Mower.Batteries & Chargers.display battery charge level,0
223,Outdoor Tools & Equipments.Blower.Battery.battery system,0
224,Outdoor Tools & Equipments.Trimmer.Trimmer Line.trimmer overall,0
225,Outdoor Tools & Equipments.Chainsaws.Bars.oregon brand bar,0
226,Outdoor Tools & Equipments.Lawn Mower.Blades & Sharpeners.blade lift shaft,0
227,Outdoor Tools & Equipments.Chainsaws.Cases.case latch,0
228,Outdoor Tools & Equipments.Trimmer.Trimmer Line.shaft grass trimmer,0
229,Outdoor Tools & Equipments.Chainsaws.Chains.chain cover,0
230,Outdoor Tools & Equipments.Blower.Bag.pack bag,0
231,Outdoor Tools & Equipments.Pressure Washers.Pumps.news pump,0
232,Outdoor Tools & Equipments.Lawn Mower.Blades & Sharpeners.blade type,0
233,Outdoor Tools & Equipments.Lawn Mower.Engines.engine slip thru,0
234,Outdoor Tools & Equipments.Lawn Mower.Batteries & Chargers.lithium battery mower,0
235,Outdoor Tools & Equipments.Trimmer.Trimmer Line.line tangle issue,0
236,Outdoor Tools & Equipments.Pressure Washers.Hoses.flimsy hose hanger,0
237,Outdoor Tools & Equipments.Lawn Mower.Gas Cans.non ethanol gas,0
238,Outdoor Tools & Equipments.Chainsaws.Bars.bar lube,0
239,Outdoor Tools & Equipments.Chainsaws.Oil.oil ratio,0
240,Outdoor Tools & Equipments.Pressure Washers.Hoses.factory hose,0
241,Outdoor Tools & Equipments.Trimmer.Trimmer Line.‘ feed line,0
242,Outdoor Tools & Equipments.Trimmer.Trimmer Line.volt cordless trimmer,0
243,Outdoor Tools & Equipments.Trimmer.Trimmer Line.line problem,0
244,Outdoor Tools & Equipments.Chainsaws.Oil.sae motor oil,0
245,Outdoor Tools & Equipments.Chainsaws.Chains.husqvarna chain saw,0
246,Outdoor Tools & Equipments.Lawn Mower.Engines.engine repair guy,0
247,Outdoor Tools & Equipments.Trimmer.Trimmer Line.toy trimmer,0
248,Outdoor Tools & Equipments.Blower.Battery.blower battery,0
249,Outdoor Tools & Equipments.Lawn Mower.Batteries & Chargers.battery lasting,0
250,Outdoor Tools & Equipments.Lawn Mower.Wheels.side front wheel,0
251,Outdoor Tools & Equipments.Trimmer.Trimmer Line.gas hedge trimmer,0
252,Outdoor Tools & Equipments.Chainsaws.Bars.chain bar,0
253,Outdoor Tools & Equipments.Lawn Mower.Engines.engine seam,0
254,Outdoor Tools & Equipments.Chainsaws.Bars.leak bar oil,0
255,Outdoor Tools & Equipments.Chainsaws.Chains.part chain oil window,0
256,Outdoor Tools & Equipments.Pressure Washers.Nozzles.degree fan nozzle,0
257,Outdoor Tools & Equipments.Trimmer.Trimmer Line.spline trimmer,0
258,Outdoor Tools & Equipments.Trimmer.Batteries.battery charger,0
259,Outdoor Tools & Equipments.Trimmer.Trimmer Line.line auto feed,0
260,Outdoor Tools & Equipments.Blower.Battery.change battery,0
261,Outdoor Tools & Equipments.Chainsaws.Chains.mediocre chain,0
262,Outdoor Tools & Equipments.Chainsaws.Bars.link bar,0
263,Outdoor Tools & Equipments.Blower.Battery.kobalt battery blower,0
264,Outdoor Tools & Equipments.Lawn Mower.Engines.engine noise,0
265,Outdoor Tools & Equipments.Blower.Charger.nope charger,0
266,Outdoor Tools & Equipments.Pressure Washers.Nozzles.power nozzle,0
267,Outdoor Tools & Equipments.Chainsaws.Cases.stihl case,0
268,Outdoor Tools & Equipments.Trimmer.Trimmer Line.signle feed line,0
269,Outdoor Tools & Equipments.Pressure Washers.Pumps.pump sprayer,0
270,Outdoor Tools & Equipments.Chainsaws.Chains.chain backwards,0
271,Outdoor Tools & Equipments.Trimmer.Replacement Heads.reload head,0
272,Outdoor Tools & Equipments.Pressure Washers.Hoses.weight hose,0
273,Outdoor Tools & Equipments.Lawn Mower.Wheels.wheel drive,0
274,Outdoor Tools & Equipments.Blower.Battery.cordless battery,0
275,Outdoor Tools & Equipments.Pressure Washers.Nozzles.turbo nozzle,0
276,Outdoor Tools & Equipments.Trimmer.Trimmer Line.decker string trimmer,0
277,Outdoor Tools & Equipments.Chainsaws.Bars.bar oil leak,0
278,Outdoor Tools & Equipments.Trimmer.Trimmer Line.trimmer performs,0
279,Outdoor Tools & Equipments.Trimmer.Batteries.battery trimmer suit,0
280,Outdoor Tools & Equipments.Chainsaws.Chains.chain adjustment screw,0
281,Outdoor Tools & Equipments.Trimmer.Batteries.backup battery,0
282,Outdoor Tools & Equipments.Chainsaws.Bars.bar sprocket grease gun,0
283,Outdoor Tools & Equipments.Lawn Mower.Blades & Sharpeners.blade thinking,0
284,Outdoor Tools & Equipments.Chainsaws.Chains.chain razor,0
285,Outdoor Tools & Equipments.Lawn Mower.Gas Cans.recycle can,0
286,Outdoor Tools & Equipments.Trimmer.Replacement Heads.product head,0
287,Outdoor Tools & Equipments.Pressure Washers.Nozzles.soap nozzle,0
288,Outdoor Tools & Equipments.Blower.Battery.battery way,0
289,Outdoor Tools & Equipments.Trimmer.Batteries.blower battery,0
290,Outdoor Tools & Equipments.Pressure Washers.Extension Wands.wand hanger,0
291,Outdoor Tools & Equipments.Lawn Mower.Engines.engine block,0
292,Outdoor Tools & Equipments.Chainsaws.Oil.oil bottle,0
293,Outdoor Tools & Equipments.Lawn Mower.Batteries & Chargers.andgood battery life,0
294,Outdoor Tools & Equipments.Chainsaws.Bars.bar version,0
295,Outdoor Tools & Equipments.Lawn Mower.Wheels.technology front wheel drive self,0
296,Outdoor Tools & Equipments.Lawn Mower.Gas Cans.gas mixture,0
297,Outdoor Tools & Equipments.Lawn Mower.Batteries & Chargers.labor charge,0
298,Outdoor Tools & Equipments.Lawn Mower.Blades & Sharpeners.blade replacement source,0
299,Outdoor Tools & Equipments.Chainsaws.Chains.chain adjusting,0
300,Outdoor Tools & Equipments.Trimmer.Trimmer Line.edge line,0
301,Outdoor Tools & Equipments.Chainsaws.Oil.oil pump,0
302,Outdoor Tools & Equipments.Chainsaws.Oil.oil leakage,0
303,Outdoor Tools & Equipments.Trimmer.Trimmer Line.trimer,0
304,Outdoor Tools & Equipments.Lawn Mower.Gas Cans.cycle gas,0
305,Outdoor Tools & Equipments.Lawn Mower.Wheels.back wheel,0
306,Outdoor Tools & Equipments.Trimmer.Trimmer Line.line  080,0
307,Outdoor Tools & Equipments.Lawn Mower.Wheels.wheel drive mower,0
308,Outdoor Tools & Equipments.Pressure Washers.Extension Wands.wand handle,0
309,Outdoor Tools & Equipments.Lawn Mower.Wheels.wheel -deck,0
310,Outdoor Tools & Equipments.Blower.Bag.bag connection,0
311,Outdoor Tools & Equipments.Chainsaws.Sharpeners.sharpener,0
312,Outdoor Tools & Equipments.Pressure Washers.Spray Guns.replacement gun,0
313,Outdoor Tools & Equipments.Chainsaws.Bars.inch bar,0
314,Outdoor Tools & Equipments.Trimmer.Trimmer Line.hedge trimmer attachment,0
315,Outdoor Tools & Equipments.Trimmer.Trimmer Line.line loosening,0
316,Outdoor Tools & Equipments.Blower.Battery.battery technology,0
317,Outdoor Tools & Equipments.Trimmer.Batteries.battery capacity,0
318,Outdoor Tools & Equipments.Trimmer.Trimmer Line.auto line feeder,0
319,Outdoor Tools & Equipments.Pressure Washers.Spray Guns.gun trigger,0
320,Outdoor Tools & Equipments.Trimmer.Replacement Heads.head twist,0
321,Outdoor Tools & Equipments.Lawn Mower.Gas Cans.gas push mower,0
322,Outdoor Tools & Equipments.Trimmer.Trimmer Line. 080 line,0
323,Outdoor Tools & Equipments.Lawn Mower.Gas Cans.gas mover,0
324,Outdoor Tools & Equipments.Lawn Mower.Batteries & Chargers.greenworks battery,0
325,Outdoor Tools & Equipments.Lawn Mower.Blades & Sharpeners.mowing blade,0
326,Outdoor Tools & Equipments.Trimmer.Replacement Heads.replacement spool cap,0
327,Outdoor Tools & Equipments.Pressure Washers.Extension Wands.wand shot water,0
328,Outdoor Tools & Equipments.Lawn Mower.Gas Cans.awd gas mower,0
329,Outdoor Tools & Equipments.Pressure Washers.Pumps.cat pump,0
330,Outdoor Tools & Equipments.Lawn Mower.Gas Cans.gas switch/clutch,0
331,Outdoor Tools & Equipments.Trimmer.Trimmer Line.line issue,0
332,Outdoor Tools & Equipments.Trimmer.Batteries.battery release button,0
333,Outdoor Tools & Equipments.Lawn Mower.Engines.pull kohler engine,0
334,Outdoor Tools & Equipments.Lawn Mower.Engines.engine money,0
335,Outdoor Tools & Equipments.Chainsaws.Chains.mini chain,0
336,Outdoor Tools & Equipments.Blower.Vacuum Kit.vacuum tube,0
337,"Outdoor Tools & Equipments.Trimmer.Oils, Lubricants & Additives.motor oil",0
338,Outdoor Tools & Equipments.Lawn Mower.Gas Cans.gas line,0
339,Outdoor Tools & Equipments.Lawn Mower.Blades & Sharpeners.blade dug,0
340,Outdoor Tools & Equipments.Chainsaws.Oil.leak chain oil,0
341,Outdoor Tools & Equipments.Lawn Mower.Engines.engine gasoline,0
342,Outdoor Tools & Equipments.Blower.Vacuum Kit.leaf vacuum,0
343,Outdoor Tools & Equipments.Blower.Battery.battery failure,0
344,Outdoor Tools & Equipments.Lawn Mower.Batteries & Chargers.charge indicator,0
345,Outdoor Tools & Equipments.Chainsaws.Bars.bar oil cap,0
346,Outdoor Tools & Equipments.Trimmer.Trimmer Line.shakespeare trimmer wire,0
347,Outdoor Tools & Equipments.Lawn Mower.Batteries & Chargers.battery ok ,0
348,Outdoor Tools & Equipments.Lawn Mower.Batteries & Chargers.battery quit,0
349,Outdoor Tools & Equipments.Lawn Mower.Batteries & Chargers.battery indicator,0
350,Outdoor Tools & Equipments.Lawn Mower.Batteries & Chargers.mower battery,0
351,Outdoor Tools & Equipments.Chainsaws.Oil.auto oil,0
352,Outdoor Tools & Equipments.Lawn Mower.Engines.model engine,0
353,Outdoor Tools & Equipments.Lawn Mower.Blades & Sharpeners.blade cut,0
354,Outdoor Tools & Equipments.Lawn Mower.Blades & Sharpeners.duty blade,0
355,Outdoor Tools & Equipments.Pressure Washers.Spray Guns.sprayer gun,0
356,Outdoor Tools & Equipments.Blower.Battery.lithium battery leaf blower,0
357,Outdoor Tools & Equipments.Lawn Mower.Gas Cans.buying gas,0
358,Outdoor Tools & Equipments.Lawn Mower.Batteries & Chargers.ah battery,0
359,Outdoor Tools & Equipments.Lawn Mower.Gas Cans.gas can,0
360,Outdoor Tools & Equipments.Pressure Washers.Nozzles.replacement spray nozzle,0
361,Outdoor Tools & Equipments.Chainsaws.Oil.oil change,0
362,Outdoor Tools & Equipments.Blower.Battery.oregon battery,0
363,Outdoor Tools & Equipments.Pressure Washers.Spray Guns.wider spray,0
364,Outdoor Tools & Equipments.Pressure Washers.Nozzles.angle spray nozzle,0
365,Outdoor Tools & Equipments.Lawn Mower.Gas Cans.gas gauge,0
366,Outdoor Tools & Equipments.Chainsaws.Chains.replacement chain info,0
367,Outdoor Tools & Equipments.Trimmer.Replacement Heads.blower head,0
368,Outdoor Tools & Equipments.Blower.Battery.battery charge,0
369,Outdoor Tools & Equipments.Trimmer.Batteries.battery completer,0
370,Outdoor Tools & Equipments.Chainsaws.Chains.husqvana chain,0
371,Outdoor Tools & Equipments.Trimmer.Trimmer Line.faulty trimmer,0
372,Outdoor Tools & Equipments.Lawn Mower.Batteries & Chargers.battery drain,0
373,Outdoor Tools & Equipments.Lawn Mower.Wheels.front wheel drive,0
374,Outdoor Tools & Equipments.Pressure Washers.Hoses.garden hose,0
375,Outdoor Tools & Equipments.Trimmer.Replacement Heads.head adapter,0
376,Outdoor Tools & Equipments.Lawn Mower.Wheels.wheel hub,0
377,Outdoor Tools & Equipments.Chainsaws.Oil.stroke oil,0
378,Outdoor Tools & Equipments.Trimmer.Trimmer Line.decker brand trimmer line,0
379,Outdoor Tools & Equipments.Chainsaws.Cases.duty case,0
380,Outdoor Tools & Equipments.Lawn Mower.Engines.kawasaki engine,0
381,Outdoor Tools & Equipments.Lawn Mower.Blades & Sharpeners.blade shaft spindle housing,0
382,Outdoor Tools & Equipments.Pressure Washers.Hoses.stock pressure hose,0
383,Outdoor Tools & Equipments.Lawn Mower.Gas Cans.hp gas mower,0
384,Outdoor Tools & Equipments.Blower.Battery.battery charge period,0
385,Outdoor Tools & Equipments.Trimmer.Replacement Heads.troy bilt weedeater head,0
386,Outdoor Tools & Equipments.Blower.Battery.battery one,0
387,Outdoor Tools & Equipments.Trimmer.Batteries.ah battery,0
388,Outdoor Tools & Equipments.Lawn Mower.Engines.size engine,0
389,Outdoor Tools & Equipments.Trimmer.Trimmer Line.cycle engine trimmer,0
390,Outdoor Tools & Equipments.Lawn Mower.Blades & Sharpeners.style blade,0
391,Outdoor Tools & Equipments.Trimmer.Trimmer Line.speed trimmer,0
392,Outdoor Tools & Equipments.Chainsaws.Bars.bar model,0
393,Outdoor Tools & Equipments.Chainsaws.Chains.chain dulls,0
394,Outdoor Tools & Equipments.Trimmer.Trimmer Line.hedge trimmer ready,0
395,Outdoor Tools & Equipments.Lawn Mower.Gas Cans.size gas mower,0
396,Outdoor Tools & Equipments.Blower.Vacuum Kit.carpet vacuum,0
397,Outdoor Tools & Equipments.Blower.Battery.ego battery,0
398,Outdoor Tools & Equipments.Pressure Washers.Pumps.quality pump,0
399,Outdoor Tools & Equipments.Lawn Mower.Blades & Sharpeners.blade engagement,0
400,Outdoor Tools & Equipments.Lawn Mower.Gas Cans.craftsman gas mower,0
401,Outdoor Tools & Equipments.Chainsaws.Chains.chain blade,0
402,Outdoor Tools & Equipments.Trimmer.Trimmer Line.replacement trimmer,0
403,Outdoor Tools & Equipments.Chainsaws.Chains.chain file,0
404,Outdoor Tools & Equipments.Lawn Mower.Wheels.rear wheel drive,0
405,Outdoor Tools & Equipments.Chainsaws.Chains.oregon chain,0
406,Outdoor Tools & Equipments.Trimmer.Batteries.amp hr battery,0
407,Outdoor Tools & Equipments.Trimmer.Trimmer Line.line backwards,0
408,Outdoor Tools & Equipments.Trimmer.Trimmer Line.husqvarna gas string trimmer,0
409,Outdoor Tools & Equipments.Lawn Mower.Gas Cans.gas one,0
410,Outdoor Tools & Equipments.Lawn Mower.Gas Cans.right gas,0
411,Outdoor Tools & Equipments.Lawn Mower.Batteries & Chargers.year battery,0
412,Outdoor Tools & Equipments.Trimmer.Batteries.batrery,0
413,Outdoor Tools & Equipments.Trimmer.Trimmer Line.inch trimmer blade,0
414,Outdoor Tools & Equipments.Chainsaws.Bars.husquarna bar,0
415,Outdoor Tools & Equipments.Lawn Mower.Engines.place engine failure,0
416,Outdoor Tools & Equipments.Trimmer.Replacement Heads.weed wacker head,0
417,Outdoor Tools & Equipments.Chainsaws.Oil.oil cap,0
418,Outdoor Tools & Equipments.Trimmer.Trimmer Line.line feeder,0
419,Outdoor Tools & Equipments.Chainsaws.Oil.oil chamber,0
420,Outdoor Tools & Equipments.Lawn Mower.Batteries & Chargers.replacement battery cost,0
421,Outdoor Tools & Equipments.Trimmer.Batteries.battery tool,0
422,Outdoor Tools & Equipments.Trimmer.Trimmer Line.d trimmer,0
423,Outdoor Tools & Equipments.Trimmer.Trimmer Line.trimmer awkward,0
424,Outdoor Tools & Equipments.Trimmer.Trimmer Line.cut line,0
425,Outdoor Tools & Equipments.Trimmer.Replacement Heads.type replacement spool,0
426,Outdoor Tools & Equipments.Trimmer.Trimmer Line.gas trimmer suck,0
427,Outdoor Tools & Equipments.Blower.Charger.delivery charge,0
428,Outdoor Tools & Equipments.Pressure Washers.Extension Wands.pressure wand,0
429,Outdoor Tools & Equipments.Lawn Mower.Blades & Sharpeners.mulching blade,0
430,Outdoor Tools & Equipments.Trimmer.Replacement Heads.head unit,0
431,Outdoor Tools & Equipments.Chainsaws.Chains.chain wouldnt reseat,0
432,Outdoor Tools & Equipments.Chainsaws.Chains.replacement oregon chain,0
433,Outdoor Tools & Equipments.Lawn Mower.Gas Cans.gas rival,0
434,Outdoor Tools & Equipments.Lawn Mower.Engines.engine oil,0
435,Outdoor Tools & Equipments.Blower.Battery.battery longevity,0
436,Outdoor Tools & Equipments.Lawn Mower.Batteries & Chargers.money john deere charge,0
437,Outdoor Tools & Equipments.Trimmer.Batteries.battery blower,0
438,Outdoor Tools & Equipments.Trimmer.Trimmer Line.lawn edger trimmer,0
439,Outdoor Tools & Equipments.Trimmer.Trimmer Line.feeder/bump line,0
440,Outdoor Tools & Equipments.Chainsaws.Chains.toolless chain tensioner,0
441,Outdoor Tools & Equipments.Chainsaws.Chains.chain package,0
442,Outdoor Tools & Equipments.Chainsaws.Chains.worn chain,0
443,Outdoor Tools & Equipments.Trimmer.Trimmer Line.yard trimmer,0
444,Outdoor Tools & Equipments.Trimmer.Trimmer Line.line people,0
445,Outdoor Tools & Equipments.Lawn Mower.Wheels.ball bearing wheel,0
446,Outdoor Tools & Equipments.Lawn Mower.Blades & Sharpeners.mulch blade,0
447,Outdoor Tools & Equipments.Trimmer.Batteries.battery time,0
448,Outdoor Tools & Equipments.Chainsaws.Oil.oil hose,0
449,Outdoor Tools & Equipments.Lawn Mower.Blades & Sharpeners.shape blade,0
450,Outdoor Tools & Equipments.Lawn Mower.Gas Cans.gas lawn mower,0
451,Outdoor Tools & Equipments.Lawn Mower.Wheels.wheel tractor,0
452,Outdoor Tools & Equipments.Trimmer.Trimmer Line.trimmer customer service,0
453,Outdoor Tools & Equipments.Trimmer.Trimmer Line.battery trimmer,0
454,Outdoor Tools & Equipments.Blower.Vacuum Kit.vacuum power,0
455,Outdoor Tools & Equipments.Trimmer.Trimmer Line.string trimmer cut,0
456,Outdoor Tools & Equipments.Lawn Mower.Blades & Sharpeners.lift mower blade,0
457,Outdoor Tools & Equipments.Trimmer.Trimmer Line.line design,0
458,Outdoor Tools & Equipments.Lawn Mower.Engines.engine strain,0
459,Outdoor Tools & Equipments.Lawn Mower.Batteries & Chargers.batter,0
460,Outdoor Tools & Equipments.Trimmer.Batteries.battery runtime,0
461,Outdoor Tools & Equipments.Trimmer.Trimmer Line.shaft trimmer,0
462,Outdoor Tools & Equipments.Chainsaws.Chains.gas chain,0
463,Outdoor Tools & Equipments.Trimmer.Replacement Heads.replacement spool online,0
464,Outdoor Tools & Equipments.Lawn Mower.Gas Cans.gas call warranty,0
465,Outdoor Tools & Equipments.Chainsaws.Chains.right chain,0
466,Outdoor Tools & Equipments.Trimmer.Replacement Heads.edger head,0
467,Outdoor Tools & Equipments.Lawn Mower.Wheels.wheel height adjustment,0
468,Outdoor Tools & Equipments.Chainsaws.Bars.bar flex,0
469,Outdoor Tools & Equipments.Trimmer.Replacement Heads.replacement cap,0
470,Outdoor Tools & Equipments.Pressure Washers.Extension Wands.use wand,0
471,Outdoor Tools & Equipments.Blower.Charger.charge window,0
472,Outdoor Tools & Equipments.Trimmer.Trimmer Line.line colis,0
473,Outdoor Tools & Equipments.Blower.Battery.batter,0
474,Outdoor Tools & Equipments.Pressure Washers.Spray Guns.quality gun,0
475,Outdoor Tools & Equipments.Trimmer.Trimmer Line.size trimmer,0
476,Outdoor Tools & Equipments.Lawn Mower.Blades & Sharpeners.mower blade,0
477,Outdoor Tools & Equipments.Blower.Battery.replacement battery,0
478,Outdoor Tools & Equipments.Lawn Mower.Blades & Sharpeners.blade speed,0
479,Outdoor Tools & Equipments.Blower.Battery.brand battery,0
480,Outdoor Tools & Equipments.Lawn Mower.Blades & Sharpeners.blade tip,0
481,"Outdoor Tools & Equipments.Trimmer.Oils, Lubricants & Additives.engine oil",0
482,Outdoor Tools & Equipments.Lawn Mower.Batteries & Chargers.charge rate,0
483,Outdoor Tools & Equipments.Chainsaws.Chains.chain set,0
484,Outdoor Tools & Equipments.Chainsaws.Bars.bar protector,0
485,Outdoor Tools & Equipments.Lawn Mower.Blades & Sharpeners.blade onto,0
486,"Outdoor Tools & Equipments.Trimmer.Oils, Lubricants & Additives.oil line",0
487,Outdoor Tools & Equipments.Trimmer.Trimmer Line.weedeater line,0
488,Outdoor Tools & Equipments.Blower.Battery.volt battery,0
489,Outdoor Tools & Equipments.Blower.Battery.battery power system,0
490,Outdoor Tools & Equipments.Lawn Mower.Batteries & Chargers.battery overnight,0
491,Outdoor Tools & Equipments.Lawn Mower.Batteries & Chargers.d battery tool,0
492,Outdoor Tools & Equipments.Trimmer.Replacement Heads.factory replacement spool cost,0
493,Outdoor Tools & Equipments.Lawn Mower.Gas Cans.ethanol gas,0
494,Outdoor Tools & Equipments.Lawn Mower.Gas Cans.gas machine,0
495,Outdoor Tools & Equipments.Trimmer.Trimmer Line.trimmer cartridge,0
496,Outdoor Tools & Equipments.Blower.Vacuum Kit.vacuum leaf,0
497,Outdoor Tools & Equipments.Blower.Battery.battery warranty,0
498,Outdoor Tools & Equipments.Trimmer.Batteries.battery number,0
499,Outdoor Tools & Equipments.Lawn Mower.Batteries & Chargers.fast charger,0
500,Outdoor Tools & Equipments.Pressure Washers.Hoses.hose caddy,0
501,Outdoor Tools & Equipments.Trimmer.Trimmer Line.trimmer ate,0
502,Outdoor Tools & Equipments.Pressure Washers.Extension Wands.spray wand,0
503,Outdoor Tools & Equipments.Lawn Mower.Engines.front engine mower,0
504,Outdoor Tools & Equipments.Trimmer.Batteries.half battery charge,0
505,Outdoor Tools & Equipments.Lawn Mower.Blades & Sharpeners.bent blade,0
506,Outdoor Tools & Equipments.Trimmer.Trimmer Line.line feeder twice,0
507,Outdoor Tools & Equipments.Lawn Mower.Blades & Sharpeners.style kobalt blade,0
508,Outdoor Tools & Equipments.Lawn Mower.Batteries & Chargers.battery slot,0
509,Outdoor Tools & Equipments.Blower.Charger.battery charge status,0
510,Outdoor Tools & Equipments.Trimmer.Batteries.kobalt battery ecosystem,0
511,Outdoor Tools & Equipments.Chainsaws.Chains.working/efficient chain,0
512,Outdoor Tools & Equipments.Trimmer.Replacement Heads.craftsman brand replacement spool,0
513,Outdoor Tools & Equipments.Trimmer.Trimmer Line.size line,0
514,Outdoor Tools & Equipments.Trimmer.Trimmer Line.replacement trimmer line spool,0
515,Outdoor Tools & Equipments.Lawn Mower.Blades & Sharpeners.cutting blade,0
516,Outdoor Tools & Equipments.Blower.Battery.battery insertion,0
517,Outdoor Tools & Equipments.Lawn Mower.Blades & Sharpeners.center blade,0
518,Outdoor Tools & Equipments.Chainsaws.Chains.safety chain brake,0
519,Outdoor Tools & Equipments.Lawn Mower.Blades & Sharpeners.market medium lift blade,0
520,Outdoor Tools & Equipments.Lawn Mower.Wheels.front wheel bushing,0
521,Outdoor Tools & Equipments.Lawn Mower.Blades & Sharpeners.factory blade,0
522,Outdoor Tools & Equipments.Blower.Bag.escape bag,0
523,Outdoor Tools & Equipments.Pressure Washers.Hoses.water hose,0
524,Outdoor Tools & Equipments.Trimmer.Trimmer Line.reach trimmer,0
525,Outdoor Tools & Equipments.Chainsaws.Oil.oil level indicator,0
526,Outdoor Tools & Equipments.Pressure Washers.Extension Wands.extension wand,0
527,Outdoor Tools & Equipments.Blower.Battery.charger battery charge,0
528,Outdoor Tools & Equipments.Trimmer.Trimmer Line.trrimmer hasnt,0
529,Outdoor Tools & Equipments.Lawn Mower.Blades & Sharpeners.blade today,0
530,Outdoor Tools & Equipments.Blower.Battery.fool battery,0
531,Outdoor Tools & Equipments.Lawn Mower.Batteries & Chargers.battery summer,0
532,Outdoor Tools & Equipments.Trimmer.Replacement Heads.replacement battery cost,0
533,Outdoor Tools & Equipments.Trimmer.Trimmer Line.cc gas trimmer,0
534,Outdoor Tools & Equipments.Chainsaws.Oil.waste car oil,0
535,Outdoor Tools & Equipments.Trimmer.Batteries.battery change,0
536,Outdoor Tools & Equipments.Lawn Mower.Batteries & Chargers.battery screw,0
537,Outdoor Tools & Equipments.Chainsaws.Chains.threw chain,0
538,Outdoor Tools & Equipments.Trimmer.Trimmer Line.roybi trimmer,0
539,Outdoor Tools & Equipments.Chainsaws.Chains.chain lube tank,0
540,Outdoor Tools & Equipments.Blower.Charger.generation charger,0
541,Outdoor Tools & Equipments.Lawn Mower.Blades & Sharpeners.metal blade,0
542,Outdoor Tools & Equipments.Lawn Mower.Blades & Sharpeners.blade brake lever,0
543,Outdoor Tools & Equipments.Trimmer.Trimmer Line.line cut,0
544,Outdoor Tools & Equipments.Lawn Mower.Blades & Sharpeners.grass blade,0
545,Outdoor Tools & Equipments.Lawn Mower.Engines.tecumseh engine,0
546,Outdoor Tools & Equipments.Trimmer.Batteries.phone battery,0
547,Outdoor Tools & Equipments.Lawn Mower.Blades & Sharpeners.blade slinger,0
548,Outdoor Tools & Equipments.Trimmer.Trimmer Line.diameter line,0
549,Outdoor Tools & Equipments.Trimmer.Trimmer Line.line replacement,0
550,Outdoor Tools & Equipments.Lawn Mower.Gas Cans.gas cap fuel gauge,0
551,Outdoor Tools & Equipments.Lawn Mower.Batteries & Chargers.towards battery,0
552,Outdoor Tools & Equipments.Blower.Battery.ond battery,0
553,Outdoor Tools & Equipments.Lawn Mower.Batteries & Chargers.battery stuff,0
554,Outdoor Tools & Equipments.Trimmer.Replacement Heads.replacement spring,0
555,Outdoor Tools & Equipments.Blower.Battery.battery doesnt,0
556,Outdoor Tools & Equipments.Lawn Mower.Batteries & Chargers.battery wasnt charging,0
557,Outdoor Tools & Equipments.Trimmer.Trimmer Line.husqvarna trimmer,0
558,Outdoor Tools & Equipments.Lawn Mower.Wheels.wheel spin,0
559,Outdoor Tools & Equipments.Trimmer.Replacement Heads.head stop,0
560,Outdoor Tools & Equipments.Blower.Vacuum Kit.tool kit,0
561,Outdoor Tools & Equipments.Chainsaws.Chains.chain brake,0
562,Outdoor Tools & Equipments.Lawn Mower.Batteries & Chargers.battery time,0
563,Outdoor Tools & Equipments.Trimmer.Trimmer Line.line head design,0
564,Outdoor Tools & Equipments.Chainsaws.Oil.oil supply,0
565,Outdoor Tools & Equipments.Blower.Vacuum Kit.vacuum bag attache,0
566,Outdoor Tools & Equipments.Lawn Mower.Batteries & Chargers.battery cut,0
567,Outdoor Tools & Equipments.Pressure Washers.Hoses.foot pressure hose,0
568,Outdoor Tools & Equipments.Trimmer.Batteries.battery use,0
569,Outdoor Tools & Equipments.Chainsaws.Sharpeners.self sharpener,0
570,Outdoor Tools & Equipments.Trimmer.Trimmer Line.counterclockwise trimmer,0
571,Outdoor Tools & Equipments.Pressure Washers.Spray Guns.spray washer,0
572,Outdoor Tools & Equipments.Lawn Mower.Blades & Sharpeners.plow blade assemble,0
573,Outdoor Tools & Equipments.Trimmer.Trimmer Line.trimmer us,0
574,Outdoor Tools & Equipments.Lawn Mower.Wheels.power wheel,0
575,Outdoor Tools & Equipments.Lawn Mower.Batteries & Chargers.battery left,0
576,Outdoor Tools & Equipments.Lawn Mower.Gas Cans.gas counterparts-,0
577,Outdoor Tools & Equipments.Chainsaws.Oil.cycle oil mix,0
578,Outdoor Tools & Equipments.Lawn Mower.Engines.engine rattle,0
579,Outdoor Tools & Equipments.Lawn Mower.Engines.honda gcv engine,0
580,Outdoor Tools & Equipments.Blower.Bag.backpack style bag,0
581,Outdoor Tools & Equipments.Blower.Battery.title review battery,0
582,Outdoor Tools & Equipments.Lawn Mower.Wheels.front wheel grease fitting,0
583,Outdoor Tools & Equipments.Blower.Charger.charge meter,0
584,Outdoor Tools & Equipments.Trimmer.Batteries.battery health,0
585,Outdoor Tools & Equipments.Trimmer.Trimmer Line.maintenance trimmer,0
586,Outdoor Tools & Equipments.Trimmer.Trimmer Line.grass trimmer god,0
587,Outdoor Tools & Equipments.Blower.Charger.charger quit,0
588,Outdoor Tools & Equipments.Lawn Mower.Engines.engine hour,0
589,Outdoor Tools & Equipments.Lawn Mower.Engines.choke engine,0
590,Outdoor Tools & Equipments.Lawn Mower.Engines.engine part,0
591,Outdoor Tools & Equipments.Pressure Washers.Hoses.hose connects,0
592,Outdoor Tools & Equipments.Pressure Washers.Spray Guns.pressure gun storage,0
593,Outdoor Tools & Equipments.Pressure Washers.Fittings.garden hose fitting,0
594,Outdoor Tools & Equipments.Lawn Mower.Batteries & Chargers.battery warranty,0
595,Outdoor Tools & Equipments.Blower.Battery.battery seat,0
596,Outdoor Tools & Equipments.Chainsaws.Chains.husqvarna chain,0
597,Outdoor Tools & Equipments.Lawn Mower.Batteries & Chargers.% battery left,0
598,Outdoor Tools & Equipments.Trimmer.Batteries.battery long-lasting,0
599,Outdoor Tools & Equipments.Pressure Washers.Pumps.pump saver,0
600,Outdoor Tools & Equipments.Trimmer.Replacement Heads.replacement,0
601,Outdoor Tools & Equipments.Chainsaws.Chains.chain bar lube,0
602,Outdoor Tools & Equipments.Blower.Bag.bag volume,0
603,Outdoor Tools & Equipments.Trimmer.Batteries.kobalt battery equipment,0
604,Outdoor Tools & Equipments.Trimmer.Trimmer Line.line feeding,0
605,Outdoor Tools & Equipments.Chainsaws.Oil.spray oil,0
606,Outdoor Tools & Equipments.Chainsaws.Bars.bar assembly,0
607,Outdoor Tools & Equipments.Blower.Battery.ion battery,0
608,Outdoor Tools & Equipments.Lawn Mower.Gas Cans.gas tank filler,0
609,Outdoor Tools & Equipments.Chainsaws.Chains.chain oil leak,0
610,Outdoor Tools & Equipments.Pressure Washers.Hoses.replacement hose,0
611,Outdoor Tools & Equipments.Blower.Battery.battery blower,0
612,Outdoor Tools & Equipments.Trimmer.Trimmer Line.tri mer,0
613,Outdoor Tools & Equipments.Pressure Washers.Extension Wands.foot extension cord,0
614,Outdoor Tools & Equipments.Trimmer.Batteries.battery charge last,0
615,Outdoor Tools & Equipments.Chainsaws.Bars.husqvarna bar oil,0
616,Outdoor Tools & Equipments.Trimmer.Trimmer Line.metal trimmer,0
617,Outdoor Tools & Equipments.Trimmer.Trimmer Line.line feed,0
618,Outdoor Tools & Equipments.Trimmer.Trimmer Line.line fast,0
619,Outdoor Tools & Equipments.Trimmer.Batteries.battery charge indicator,0
620,Outdoor Tools & Equipments.Chainsaws.Bars.extension bar,0
621,Outdoor Tools & Equipments.Lawn Mower.Batteries & Chargers.service charge,0
622,Outdoor Tools & Equipments.Pressure Washers.Extension Wands.wand length,0
623,Outdoor Tools & Equipments.Blower.Battery.battery storage compartment,0
624,Outdoor Tools & Equipments.Chainsaws.Chains.chain,0
625,Outdoor Tools & Equipments.Lawn Mower.Blades & Sharpeners.blade brake ok,0
626,Outdoor Tools & Equipments.Pressure Washers.Hoses.hose,0
627,Outdoor Tools & Equipments.Blower.Battery.rebate battery,0
628,Outdoor Tools & Equipments.Lawn Mower.Wheels.scalping wheel,0
629,Outdoor Tools & Equipments.Lawn Mower.Engines.grass engine smoke,0
630,Outdoor Tools & Equipments.Trimmer.Replacement Heads.head assembly,0
631,Outdoor Tools & Equipments.Pressure Washers.Extension Wands.ft wand,0
632,Outdoor Tools & Equipments.Trimmer.Trimmer Line.trimmer work,0
633,Outdoor Tools & Equipments.Chainsaws.Chains.chisel chain,0
634,Outdoor Tools & Equipments.Blower.Bag.zipper bag,0
635,Outdoor Tools & Equipments.Lawn Mower.Engines.honda engine bent,0
636,Outdoor Tools & Equipments.Trimmer.Trimmer Line.trimner,0
637,Outdoor Tools & Equipments.Blower.Battery.battery compartment,0
638,Outdoor Tools & Equipments.Lawn Mower.Batteries & Chargers.battery life section,0
639,Outdoor Tools & Equipments.Blower.Vacuum Kit.vaccuum,0
640,Outdoor Tools & Equipments.Trimmer.Replacement Heads.cutting head,0
641,Outdoor Tools & Equipments.Blower.Battery.battery charge indicator,0
642,Outdoor Tools & Equipments.Chainsaws.Chains.time chain,0
643,Outdoor Tools & Equipments.Trimmer.Replacement Heads.replacement item,0
644,Outdoor Tools & Equipments.Lawn Mower.Engines.briggs engine,0
645,Outdoor Tools & Equipments.Trimmer.Replacement Heads.replacement policy,0
646,Outdoor Tools & Equipments.Chainsaws.Chains.replacement chain,0
647,Outdoor Tools & Equipments.Trimmer.Trimmer Line.line inwards,0
648,Outdoor Tools & Equipments.Trimmer.Trimmer Line.triammer cord frost shakespeare,0
649,Outdoor Tools & Equipments.Trimmer.Batteries.battery rebate,0
650,Outdoor Tools & Equipments.Lawn Mower.Wheels.wheel problem,0
651,Outdoor Tools & Equipments.Pressure Washers.Extension Wands.extension,0
652,Outdoor Tools & Equipments.Lawn Mower.Gas Cans.gas cap,0
653,Outdoor Tools & Equipments.Chainsaws.Chains.duty chain,0
654,Outdoor Tools & Equipments.Trimmer.Batteries.tool battery,0
655,Outdoor Tools & Equipments.Chainsaws.Bars.bar meet,0
656,Outdoor Tools & Equipments.Trimmer.Batteries.battery size,0
657,Outdoor Tools & Equipments.Trimmer.Replacement Heads.replacement knob,0
658,Outdoor Tools & Equipments.Blower.Bag.vacuum bag,0
659,Outdoor Tools & Equipments.Chainsaws.Bars.bar bak,0
660,Outdoor Tools & Equipments.Lawn Mower.Batteries & Chargers.battery case,0
661,Outdoor Tools & Equipments.Trimmer.Trimmer Line.branch trimmer feature,0
662,Outdoor Tools & Equipments.Lawn Mower.Engines.kohler engine,0
663,Outdoor Tools & Equipments.Lawn Mower.Blades & Sharpeners.mulching blade lowes,0
664,Outdoor Tools & Equipments.Trimmer.Replacement Heads.power head,0
665,Outdoor Tools & Equipments.Lawn Mower.Wheels.deck wheel,0
666,Outdoor Tools & Equipments.Trimmer.Trimmer Line.trimmmer,0
667,Outdoor Tools & Equipments.Lawn Mower.Engines.garden engine tool,0
668,Outdoor Tools & Equipments.Trimmer.Trimmer Line.cutter line,0
669,Outdoor Tools & Equipments.Blower.Battery.battery lift,0
670,Outdoor Tools & Equipments.Chainsaws.Chains.chain drive,0
671,Outdoor Tools & Equipments.Chainsaws.Oil.bar oil reservoir,0
672,Outdoor Tools & Equipments.Lawn Mower.Wheels.front deck wheel,0
673,Outdoor Tools & Equipments.Trimmer.Trimmer Line.line trimmer,0
674,Outdoor Tools & Equipments.Pressure Washers.Extension Wands.extension hose,0
675,Outdoor Tools & Equipments.Trimmer.Replacement Heads.use head,0
676,Outdoor Tools & Equipments.Trimmer.Replacement Heads.replacement line,0
677,Outdoor Tools & Equipments.Trimmer.Trimmer Line.replacement line,0
678,Outdoor Tools & Equipments.Lawn Mower.Gas Cans.gas gage,0
679,Outdoor Tools & Equipments.Chainsaws.Chains.outset chain keep,0
680,Outdoor Tools & Equipments.Chainsaws.Chains.chain pack,0
681,Outdoor Tools & Equipments.Lawn Mower.Wheels.wheel drive husqvarna,0
682,Outdoor Tools & Equipments.Pressure Washers.Hoses.inch hose,0
683,Outdoor Tools & Equipments.Chainsaws.Oil.chain/bar oil,0
684,Outdoor Tools & Equipments.Chainsaws.Chains.inch chain,0
685,Outdoor Tools & Equipments.Trimmer.Trimmer Line.cub cadet trimmer,0
686,Outdoor Tools & Equipments.Trimmer.Trimmer Line.school trimmer,0
687,Outdoor Tools & Equipments.Chainsaws.Oil.leak oil,0
688,Outdoor Tools & Equipments.Blower.Battery.battery electric,0
689,Outdoor Tools & Equipments.Blower.Charger.battery charge length,0
690,Outdoor Tools & Equipments.Trimmer.Trimmer Line.line advance system,0
691,Outdoor Tools & Equipments.Lawn Mower.Blades & Sharpeners.craftsman brand blade,0
692,Outdoor Tools & Equipments.Pressure Washers.Fittings.quality brass fitting,0
693,Outdoor Tools & Equipments.Trimmer.Trimmer Line.echo gas trimmer,0
694,Outdoor Tools & Equipments.Blower.Bag.collection bag,0
695,Outdoor Tools & Equipments.Lawn Mower.Blades & Sharpeners.lift blade,0
696,Outdoor Tools & Equipments.Blower.Bag.waste bag,0
697,Outdoor Tools & Equipments.Trimmer.Trimmer Line.titanium line,0
698,Outdoor Tools & Equipments.Chainsaws.Oil.husqie bar oil,0
699,Outdoor Tools & Equipments.Chainsaws.Oil.oil reservoir,0
700,Outdoor Tools & Equipments.Lawn Mower.Batteries & Chargers.quarter charge,0
701,Outdoor Tools & Equipments.Blower.Battery.battery product,0
702,Outdoor Tools & Equipments.Lawn Mower.Gas Cans.gas = ++,0
703,Outdoor Tools & Equipments.Blower.Battery.battery feature,0
704,Outdoor Tools & Equipments.Lawn Mower.Wheels.scalp wheel,0
705,Outdoor Tools & Equipments.Chainsaws.Chains.  the chain,0
706,Outdoor Tools & Equipments.Lawn Mower.Batteries & Chargers.battery power,0
707,Outdoor Tools & Equipments.Trimmer.Trimmer Line.advance line,0
708,Outdoor Tools & Equipments.Trimmer.Batteries.battery end,0
709,Outdoor Tools & Equipments.Lawn Mower.Gas Cans.gas tank,0
710,Outdoor Tools & Equipments.Chainsaws.Oil.gas/ oil mixture,0
711,Outdoor Tools & Equipments.Blower.Vacuum Kit.vacuum feature,0
712,Outdoor Tools & Equipments.Chainsaws.Chains.chain break/,0
713,Outdoor Tools & Equipments.Lawn Mower.Wheels.wheel console,0
714,Outdoor Tools & Equipments.Chainsaws.Oil.gasket oil port area,0
715,Outdoor Tools & Equipments.Lawn Mower.Gas Cans.bad/stale gas,0
716,Outdoor Tools & Equipments.Blower.Charger.charge indicator,0
717,Outdoor Tools & Equipments.Lawn Mower.Wheels.wheel,0
718,Outdoor Tools & Equipments.Blower.Vacuum Kit.vacuum option,0
719,Outdoor Tools & Equipments.Chainsaws.Oil.oil squirt,0
720,Outdoor Tools & Equipments.Lawn Mower.Wheels.wheel weight,0
721,Outdoor Tools & Equipments.Pressure Washers.Spray Guns.spray gun,0
722,Outdoor Tools & Equipments.Trimmer.Batteries.battery drain,0
723,Outdoor Tools & Equipments.Blower.Battery.battery type,0
724,Outdoor Tools & Equipments.Trimmer.Batteries.battery usage,0
725,Outdoor Tools & Equipments.Lawn Mower.Batteries & Chargers.% battery charge,0
726,Outdoor Tools & Equipments.Blower.Battery.size battery,0
727,Outdoor Tools & Equipments.Pressure Washers.Pumps.pump lag,0
728,Outdoor Tools & Equipments.Trimmer.Trimmer Line.kobalt cordless trimmer,0
729,Outdoor Tools & Equipments.Pressure Washers.Pumps.pump housing blow,0
730,Outdoor Tools & Equipments.Lawn Mower.Wheels.wheel speed,0
731,Outdoor Tools & Equipments.Pressure Washers.Hoses.detergent hose,0
732,Outdoor Tools & Equipments.Lawn Mower.Wheels.plastic wheel,0
733,Outdoor Tools & Equipments.Trimmer.Trimmer Line.d st8600 trimmer,0
734,Outdoor Tools & Equipments.Chainsaws.Bars.bar oiler issue,0
735,Outdoor Tools & Equipments.Pressure Washers.Extension Wands.wand valve,0
736,Outdoor Tools & Equipments.Trimmer.Trimmer Line.decker hedge trimmer,0
737,Outdoor Tools & Equipments.Trimmer.Batteries.batter charger,0
738,Outdoor Tools & Equipments.Lawn Mower.Batteries & Chargers.battery operator mower,0
739,Outdoor Tools & Equipments.Trimmer.Trimmer Line.grass/weed trimmer,0
740,Outdoor Tools & Equipments.Trimmer.Batteries.battery system,0
741,Outdoor Tools & Equipments.Lawn Mower.Gas Cans.gas leaking,0
742,Outdoor Tools & Equipments.Chainsaws.Chains.flapping chain,0
743,Outdoor Tools & Equipments.Blower.Battery.battery,0
744,Outdoor Tools & Equipments.Pressure Washers.Nozzles.nozzle-,0
745,Outdoor Tools & Equipments.Lawn Mower.Engines.engine stall,0
746,Outdoor Tools & Equipments.Lawn Mower.Batteries & Chargers.battery cover,0
747,Outdoor Tools & Equipments.Trimmer.Trimmer Line.fence line,0
748,Outdoor Tools & Equipments.Trimmer.Replacement Heads.feed head work,0
749,Outdoor Tools & Equipments.Chainsaws.Bars.midrange bar length,0
750,Outdoor Tools & Equipments.Lawn Mower.Engines.quit engine,0
751,Outdoor Tools & Equipments.Trimmer.Trimmer Line.cycle gas trimmer,0
752,Outdoor Tools & Equipments.Blower.Bag.bag leaf,0
753,Outdoor Tools & Equipments.Pressure Washers.Hoses.garden hose connects,0
754,Outdoor Tools & Equipments.Trimmer.Trimmer Line.battery hedge trimer,0
755,Outdoor Tools & Equipments.Trimmer.Trimmer Line.cordless trimmer,0
756,Outdoor Tools & Equipments.Trimmer.Replacement Heads.head cashier call,0
757,Outdoor Tools & Equipments.Lawn Mower.Engines.hp briggs engine,0
758,Outdoor Tools & Equipments.Lawn Mower.Blades & Sharpeners.blade fastener,0
759,Outdoor Tools & Equipments.Blower.Charger.charge,0
760,Outdoor Tools & Equipments.Trimmer.Trimmer Line.trimmer brand customer service,0
761,Outdoor Tools & Equipments.Blower.Battery.battery manufacturer,0
762,Outdoor Tools & Equipments.Pressure Washers.Hoses.oem hose,0
763,Outdoor Tools & Equipments.Trimmer.Replacement Heads.replacement part,0
764,Outdoor Tools & Equipments.Lawn Mower.Gas Cans.gas thats,0
765,Outdoor Tools & Equipments.Trimmer.Trimmer Line.trimmer quit,0
766,Outdoor Tools & Equipments.Trimmer.Batteries.whole battery,0
767,Outdoor Tools & Equipments.Trimmer.Trimmer Line.model trimmer,0
768,Outdoor Tools & Equipments.Trimmer.Trimmer Line.trimmer today,0
769,Outdoor Tools & Equipments.Chainsaws.Chains.huskvarna chain,0
770,Outdoor Tools & Equipments.Lawn Mower.Batteries & Chargers.battery recharges,0
771,Outdoor Tools & Equipments.Trimmer.Trimmer Line.line tangle,0
772,Outdoor Tools & Equipments.Trimmer.Replacement Heads.replacement process,0
773,Outdoor Tools & Equipments.Trimmer.Trimmer Line.weed eater line,0
774,Outdoor Tools & Equipments.Trimmer.Replacement Heads.replacement chain,0
775,Outdoor Tools & Equipments.Pressure Washers.Extension Wands.wand tip,0
776,Outdoor Tools & Equipments.Lawn Mower.Blades & Sharpeners.blade attachment,0
777,Outdoor Tools & Equipments.Lawn Mower.Blades & Sharpeners.blade corner,0
778,Outdoor Tools & Equipments.Chainsaws.Oil.part chain oil window,0
779,Outdoor Tools & Equipments.Lawn Mower.Gas Cans.brand-name gas mower,0
780,Outdoor Tools & Equipments.Blower.Battery.battery tool,0
781,Outdoor Tools & Equipments.Lawn Mower.Batteries & Chargers.battery life display light,0
782,Outdoor Tools & Equipments.Trimmer.Batteries.amp battery,0
783,Outdoor Tools & Equipments.Chainsaws.Chains.standard chain saw,0
784,Outdoor Tools & Equipments.Lawn Mower.Engines.twin cylinder engine,0
785,Outdoor Tools & Equipments.Lawn Mower.Wheels.steering wheel,0
786,Outdoor Tools & Equipments.Chainsaws.Oil.bar oil cap,0
787,Outdoor Tools & Equipments.Trimmer.Trimmer Line.grass trimmer shaft,0
788,Outdoor Tools & Equipments.Chainsaws.Chains.bar chain oil leakage,0
789,Outdoor Tools & Equipments.Pressure Washers.Fittings.degree fitting,0
790,Outdoor Tools & Equipments.Chainsaws.Chains.dewalt chain,0
791,Outdoor Tools & Equipments.Trimmer.Trimmer Line.string trimmer outperforms,0
792,Outdoor Tools & Equipments.Pressure Washers.Spray Guns.fix spray pattern,0
793,Outdoor Tools & Equipments.Lawn Mower.Batteries & Chargers.purchasing charger,0
794,Outdoor Tools & Equipments.Lawn Mower.Blades & Sharpeners.blade cleaner,0
795,Outdoor Tools & Equipments.Pressure Washers.Nozzles.cleaning nozzle,0
796,Outdoor Tools & Equipments.Trimmer.Batteries.capacity battery,0
797,Outdoor Tools & Equipments.Lawn Mower.Blades & Sharpeners.twin blade,0
798,Outdoor Tools & Equipments.Lawn Mower.Batteries & Chargers.battery one,0
799,Outdoor Tools & Equipments.Trimmer.Trimmer Line.pole hedge trimmer,0
800,Outdoor Tools & Equipments.Chainsaws.Oil.oil leaking,0
801,Outdoor Tools & Equipments.Trimmer.Trimmer Line.malfunctioning trimmer,0
802,Outdoor Tools & Equipments.Blower.Bag.lawn bag,0
803,"Outdoor Tools & Equipments.Trimmer.Oils, Lubricants & Additives.cycle oil mixture",0
804,Outdoor Tools & Equipments.Chainsaws.Oil.bar chain oil leakage,0
805,Outdoor Tools & Equipments.Pressure Washers.Spray Guns.washer spray gun,0
806,Outdoor Tools & Equipments.Chainsaws.Oil.leak bar oil,0
807,Outdoor Tools & Equipments.Blower.Vacuum Kit.vacuum,0
808,Outdoor Tools & Equipments.Lawn Mower.Batteries & Chargers.battery combination,0
809,Outdoor Tools & Equipments.Lawn Mower.Batteries & Chargers.battery issue,0
810,Outdoor Tools & Equipments.Chainsaws.Chains.chain bar,0
811,Outdoor Tools & Equipments.Trimmer.Trimmer Line.trimmer edger,0
812,Outdoor Tools & Equipments.Lawn Mower.Engines.engine guard,0
813,Outdoor Tools & Equipments.Trimmer.Trimmer Line.branch trimmer,0
814,Outdoor Tools & Equipments.Blower.Battery.volt battery snow blower,0
815,Outdoor Tools & Equipments.Chainsaws.Chains.oregon chainsaw chain,0
816,Outdoor Tools & Equipments.Lawn Mower.Wheels.wheel attachment,0
817,Outdoor Tools & Equipments.Lawn Mower.Engines.engine maintenance,0
818,Outdoor Tools & Equipments.Chainsaws.Chains.cycle chain,0
819,Outdoor Tools & Equipments.Trimmer.Trimmer Line.line adjustments/changes,0
820,Outdoor Tools & Equipments.Trimmer.Trimmer Line.line till,0
821,Outdoor Tools & Equipments.Lawn Mower.Engines.series engine,0
822,Outdoor Tools & Equipments.Trimmer.Batteries.charge battery,0
823,Outdoor Tools & Equipments.Chainsaws.Bars.bar extruding,0
824,Outdoor Tools & Equipments.Lawn Mower.Batteries & Chargers.battery charge,0
825,Outdoor Tools & Equipments.Lawn Mower.Engines.stratton engine,0
826,Outdoor Tools & Equipments.Lawn Mower.Blades & Sharpeners.twin blade mulch,0
827,Outdoor Tools & Equipments.Trimmer.Trimmer Line.string trimmer sideways,0
828,Outdoor Tools & Equipments.Blower.Charger.charge level,0
829,Outdoor Tools & Equipments.Chainsaws.Oil.oil hole,0
830,Outdoor Tools & Equipments.Blower.Battery.battery account,0
831,Outdoor Tools & Equipments.Lawn Mower.Gas Cans.gas switch,0
832,Outdoor Tools & Equipments.Lawn Mower.Wheels.wheel raise,0
833,Outdoor Tools & Equipments.Lawn Mower.Batteries & Chargers.min battery,0
834,Outdoor Tools & Equipments.Blower.Charger.charger,0
835,Outdoor Tools & Equipments.Trimmer.Batteries.porter cable battery,0
836,Outdoor Tools & Equipments.Trimmer.Replacement Heads.head break,0
837,Outdoor Tools & Equipments.Trimmer.Replacement Heads.market head work,0
838,Outdoor Tools & Equipments.Lawn Mower.Wheels.ground wheel,0
839,Outdoor Tools & Equipments.Trimmer.Batteries.battery hedge trimmer,0
840,Outdoor Tools & Equipments.Lawn Mower.Gas Cans.john deer gas tank placement,0
841,Outdoor Tools & Equipments.Chainsaws.Bars.bar lubricant,0
842,Outdoor Tools & Equipments.Lawn Mower.Wheels.wheel lock,0
843,Outdoor Tools & Equipments.Chainsaws.Bars.bar length,0
844,Outdoor Tools & Equipments.Trimmer.Replacement Heads.head,0
845,Outdoor Tools & Equipments.Lawn Mower.Blades & Sharpeners.blade assembly,0
846,Outdoor Tools & Equipments.Blower.Charger.charger battery charge,0
847,Outdoor Tools & Equipments.Chainsaws.Chains.cutting chain,0
848,Outdoor Tools & Equipments.Lawn Mower.Wheels.wheel engine,0
849,Outdoor Tools & Equipments.Chainsaws.Oil.bar chain oil,0
850,Outdoor Tools & Equipments.Trimmer.Batteries.bettery,0
851,Outdoor Tools & Equipments.Blower.Battery.battery pack,0
852,Outdoor Tools & Equipments.Chainsaws.Chains.thing chain,0
853,Outdoor Tools & Equipments.Lawn Mower.Blades & Sharpeners.blade height,0
854,Outdoor Tools & Equipments.Chainsaws.Cases.case,0
855,Outdoor Tools & Equipments.Chainsaws.Bars.bar tensioner/ chain tensioner screw,0
856,Outdoor Tools & Equipments.Trimmer.Trimmer Line.trimmed,0
857,Outdoor Tools & Equipments.Trimmer.Batteries.battery version,0
858,Outdoor Tools & Equipments.Blower.Battery.battery rebate offer,0
859,Outdoor Tools & Equipments.Lawn Mower.Wheels.front wheel,0
860,Outdoor Tools & Equipments.Trimmer.Trimmer Line.trimmer cord,0
861,Outdoor Tools & Equipments.Trimmer.Trimmer Line.volt craftsman trimmer,0
862,Outdoor Tools & Equipments.Trimmer.Replacement Heads.shakespeare push -n -load head,0
863,Outdoor Tools & Equipments.Trimmer.Trimmer Line.round line,0
864,Outdoor Tools & Equipments.Lawn Mower.Blades & Sharpeners.standard blade,0
865,Outdoor Tools & Equipments.Trimmer.Trimmer Line.trimmer joint,0
866,Outdoor Tools & Equipments.Lawn Mower.Gas Cans.gas lawn tool,0
867,Outdoor Tools & Equipments.Trimmer.Trimmer Line.manufacture line,0
868,Outdoor Tools & Equipments.Chainsaws.Chains.chain swap,0
869,Outdoor Tools & Equipments.Lawn Mower.Batteries & Chargers.battery recharge,0
870,Outdoor Tools & Equipments.Lawn Mower.Blades & Sharpeners.blade deck,0
871,Outdoor Tools & Equipments.Chainsaws.Oil.bar oil tank,0
872,Outdoor Tools & Equipments.Lawn Mower.Engines.gasoline engine,0
873,Outdoor Tools & Equipments.Trimmer.Trimmer Line.line change,0
874,Outdoor Tools & Equipments.Lawn Mower.Gas Cans.gas guzzler,0
875,Outdoor Tools & Equipments.Chainsaws.Chains.thinner chain,0
876,Outdoor Tools & Equipments.Lawn Mower.Engines.vtwin engine,0
877,Outdoor Tools & Equipments.Pressure Washers.Pumps.pump,0
878,Outdoor Tools & Equipments.Lawn Mower.Batteries & Chargers.lithium-ion battery,0
879,Outdoor Tools & Equipments.Trimmer.Trimmer Line.supply line,0
880,Outdoor Tools & Equipments.Lawn Mower.Batteries & Chargers.two-hour charge,0
881,Outdoor Tools & Equipments.Lawn Mower.Gas Cans.speed gas,0
882,Outdoor Tools & Equipments.Chainsaws.Chains.chain tensioner issue,0
883,Outdoor Tools & Equipments.Chainsaws.Chains.chain adjustment,0
884,Outdoor Tools & Equipments.Chainsaws.Oil.bar oil reserve,0
885,Outdoor Tools & Equipments.Trimmer.Trimmer Line.duty trimmer,0
886,Outdoor Tools & Equipments.Chainsaws.Chains.chain husqvarna,0
887,Outdoor Tools & Equipments.Trimmer.Trimmer Line.straight shaft trimmer,0
888,Outdoor Tools & Equipments.Chainsaws.Bars.functioning bar,0
889,Outdoor Tools & Equipments.Blower.Battery.amp battery,0
890,Outdoor Tools & Equipments.Lawn Mower.Blades & Sharpeners.stock blade,0
891,Outdoor Tools & Equipments.Blower.Battery.battery on-hand,0
892,Outdoor Tools & Equipments.Pressure Washers.Spray Guns.spray wand,0
893,Outdoor Tools & Equipments.Lawn Mower.Batteries & Chargers.battery,0
894,Outdoor Tools & Equipments.Pressure Washers.Nozzles.jet nozzle,0
895,Outdoor Tools & Equipments.Trimmer.Replacement Heads.replacement trimmer line spool,0
896,Outdoor Tools & Equipments.Pressure Washers.Nozzles.spray nozzle,0
897,Outdoor Tools & Equipments.Lawn Mower.Batteries & Chargers.battery life,0
898,Outdoor Tools & Equipments.Blower.Battery.mah battery,0
899,Outdoor Tools & Equipments.Trimmer.Batteries.replacement battery cost,0
900,Outdoor Tools & Equipments.Pressure Washers.Spray Guns.soap spray tip,0
901,Outdoor Tools & Equipments.Lawn Mower.Blades & Sharpeners.blade,0
902,Outdoor Tools & Equipments.Trimmer.Trimmer Line.line,0
903,Outdoor Tools & Equipments.Lawn Mower.Blades & Sharpeners.performance blade,0
904,Outdoor Tools & Equipments.Blower.Battery.min battery life,0
905,Outdoor Tools & Equipments.Lawn Mower.Gas Cans.gas peddle,0
906,Outdoor Tools & Equipments.Trimmer.Trimmer Line.shakespeare line,0
907,Outdoor Tools & Equipments.Trimmer.Replacement Heads.head spin,0
908,Outdoor Tools & Equipments.Chainsaws.Oil.mixing oil,0
909,Outdoor Tools & Equipments.Chainsaws.Oil.oil mess,0
910,Outdoor Tools & Equipments.Trimmer.Batteries.hour battery,0
911,Outdoor Tools & Equipments.Trimmer.Trimmer Line.gas trimmer –,0
912,Outdoor Tools & Equipments.Trimmer.Trimmer Line.gas string trimmer,0
913,Outdoor Tools & Equipments.Lawn Mower.Engines.year engine life,0
914,Outdoor Tools & Equipments.Pressure Washers.Pumps.psi pump,0
915,Outdoor Tools & Equipments.Trimmer.Replacement Heads.weed eater head,0
916,Outdoor Tools & Equipments.Trimmer.Trimmer Line.quality line,0
917,Outdoor Tools & Equipments.Chainsaws.Chains.rotate chain,0
918,Outdoor Tools & Equipments.Lawn Mower.Gas Cans.tank gas thru,0
919,Outdoor Tools & Equipments.Lawn Mower.Blades & Sharpeners.blade retainer,0
920,Outdoor Tools & Equipments.Chainsaws.Chains.chain derailment,0
921,Outdoor Tools & Equipments.Pressure Washers.Fittings.brass fitting,0
922,Outdoor Tools & Equipments.Trimmer.Trimmer Line.line speed,0
923,Outdoor Tools & Equipments.Chainsaws.Chains.keep replacement chain,0
924,Outdoor Tools & Equipments.Trimmer.Trimmer Line.string trimmer yesterday,0
925,Outdoor Tools & Equipments.Trimmer.Trimmer Line.battery trimmer suit,0
926,Outdoor Tools & Equipments.Trimmer.Batteries.dollar battery,0
927,Outdoor Tools & Equipments.Lawn Mower.Gas Cans.gas smell,0
928,Outdoor Tools & Equipments.Blower.Battery.battery die,0
929,Outdoor Tools & Equipments.Blower.Vacuum Kit.vacuum part,0
930,Outdoor Tools & Equipments.Lawn Mower.Gas Cans.gas cut-off switch,0
931,Outdoor Tools & Equipments.Blower.Battery.battery get,0
932,Outdoor Tools & Equipments.Blower.Battery.battery overheats,0
933,Outdoor Tools & Equipments.Blower.Battery.battery overnight,0
934,Outdoor Tools & Equipments.Trimmer.Replacement Heads.bumper head,0
935,Outdoor Tools & Equipments.Trimmer.Trimmer Line.vinyl trimmer blade,0
936,Outdoor Tools & Equipments.Lawn Mower.Engines.side honda engine,0
937,Outdoor Tools & Equipments.Chainsaws.Chains.chain slip,0
938,Outdoor Tools & Equipments.Trimmer.Replacement Heads.string head,0
939,Outdoor Tools & Equipments.Lawn Mower.Engines.s engine,0
940,Outdoor Tools & Equipments.Lawn Mower.Blades & Sharpeners.blade brake option,0
941,Outdoor Tools & Equipments.Trimmer.Trimmer Line.hand trimmer,0
942,Outdoor Tools & Equipments.Trimmer.Batteries.battery pack,0
943,Outdoor Tools & Equipments.Chainsaws.Oil.bar oil leak,0
944,Outdoor Tools & Equipments.Blower.Battery.mower battery,0
945,Outdoor Tools & Equipments.Lawn Mower.Gas Cans.troybilt gas mower,0
946,Outdoor Tools & Equipments.Trimmer.Trimmer Line.gas edge trimmer,0
947,Outdoor Tools & Equipments.Trimmer.Batteries.battery warranty,0
948,Outdoor Tools & Equipments.Trimmer.Replacement Heads.tool head,0
949,Outdoor Tools & Equipments.Lawn Mower.Blades & Sharpeners.order blade,0
950,Outdoor Tools & Equipments.Trimmer.Replacement Heads.factory replacement head,0
951,Outdoor Tools & Equipments.Lawn Mower.Batteries & Chargers.kobalt battery,0
952,Outdoor Tools & Equipments.Lawn Mower.Blades & Sharpeners.blade fit,0
953,Outdoor Tools & Equipments.Pressure Washers.Extension Wands.wand attache,0
954,Outdoor Tools & Equipments.Pressure Washers.Spray Guns.replacement spray nozzle,0
955,Outdoor Tools & Equipments.Chainsaws.Chains.buy chain oil,0
956,Outdoor Tools & Equipments.Blower.Battery.battery dying,0
957,Outdoor Tools & Equipments.Lawn Mower.Blades & Sharpeners.blade brake clutch feature,0
958,Outdoor Tools & Equipments.Trimmer.Batteries.battery compartment,0
959,Outdoor Tools & Equipments.Trimmer.Trimmer Line.hedge trimmer meet,0
960,Outdoor Tools & Equipments.Chainsaws.Oil.oil leak,0
961,Outdoor Tools & Equipments.Chainsaws.Chains.chain stay,0
962,Outdoor Tools & Equipments.Lawn Mower.Wheels.wheel adjuster,0
963,Outdoor Tools & Equipments.Lawn Mower.Gas Cans.add gas,0
964,Outdoor Tools & Equipments.Trimmer.Batteries.dewalt battery trimmer,0
965,Outdoor Tools & Equipments.Trimmer.Replacement Heads.stringer head,0
966,Outdoor Tools & Equipments.Lawn Mower.Gas Cans.sip gas,0
967,Outdoor Tools & Equipments.Chainsaws.Chains.chain sharpness,0
968,Outdoor Tools & Equipments.Lawn Mower.Gas Cans.gas mower tank,0
969,Outdoor Tools & Equipments.Lawn Mower.Engines.honda engine,0
970,Outdoor Tools & Equipments.Trimmer.Trimmer Line.brush trimmer attachment,0
971,Outdoor Tools & Equipments.Lawn Mower.Batteries & Chargers.capacity battery,0
972,Outdoor Tools & Equipments.Blower.Battery.battery snow blower,0
973,Outdoor Tools & Equipments.Lawn Mower.Blades & Sharpeners.motor/ blade mount,0
974,Outdoor Tools & Equipments.Chainsaws.Oil.chain oil leak,0
975,Outdoor Tools & Equipments.Pressure Washers.Spray Guns.angle spray nozzle,0
976,Outdoor Tools & Equipments.Lawn Mower.Blades & Sharpeners.blade backwards,0
977,Outdoor Tools & Equipments.Chainsaws.Oil.chain oil reservoir,0
978,Outdoor Tools & Equipments.Pressure Washers.Extension Wands.pressure washer wand,0
979,Outdoor Tools & Equipments.Lawn Mower.Engines.wheel engine,0
980,Outdoor Tools & Equipments.Trimmer.Trimmer Line.trimmer head,0
981,Outdoor Tools & Equipments.Pressure Washers.Extension Wands.wand part,0
982,Outdoor Tools & Equipments.Trimmer.Replacement Heads.hedge trimmer replacement cord,0
983,Outdoor Tools & Equipments.Lawn Mower.Batteries & Chargers.watch battery,0
984,Outdoor Tools & Equipments.Trimmer.Replacement Heads.blade head,0
985,Outdoor Tools & Equipments.Lawn Mower.Batteries & Chargers.hour battery,0
986,Outdoor Tools & Equipments.Lawn Mower.Batteries & Chargers.battery use,0
987,Outdoor Tools & Equipments.Trimmer.Trimmer Line.decker trimmer line,0
988,Outdoor Tools & Equipments.Chainsaws.Chains.craftsman chain,0
989,Outdoor Tools & Equipments.Blower.Battery.yard battery,0
990,Outdoor Tools & Equipments.Trimmer.Trimmer Line.volt max trimmer,0
991,Outdoor Tools & Equipments.Blower.Vacuum Kit.decker leaf vacuum,0
992,"Outdoor Tools & Equipments.Trimmer.Oils, Lubricants & Additives.bar oil topped",0
993,Outdoor Tools & Equipments.Blower.Battery.battery version,0
994,Outdoor Tools & Equipments.Blower.Battery.battery issue,0
995,Outdoor Tools & Equipments.Trimmer.Replacement Heads.replacement spool cover,0
996,Outdoor Tools & Equipments.Trimmer.Trimmer Line.battery hedge trimmer,0
997,Outdoor Tools & Equipments.Trimmer.Trimmer Line.oil line,0
998,Outdoor Tools & Equipments.Chainsaws.Chains.chain tool,0
999,Outdoor Tools & Equipments.Blower.Vacuum Kit.vacuum bag,0
1000,Outdoor Tools & Equipments.Trimmer.Trimmer Line.trimmer yesterday,0
1001,Outdoor Tools & Equipments.Blower.Battery.battery ready,0
1002,Outdoor Tools & Equipments.Chainsaws.Oil.husqvarna oil,0
1003,Outdoor Tools & Equipments.Blower.Battery.battery plug,0
1004,Outdoor Tools & Equipments.Blower.Battery.battery con,0
1005,Outdoor Tools & Equipments.Lawn Mower.Wheels.wheel carrier,0
1006,Outdoor Tools & Equipments.Lawn Mower.Engines.kohler engine version,0
1007,Outdoor Tools & Equipments.Trimmer.Batteries.battery die,0
1008,Outdoor Tools & Equipments.Trimmer.Trimmer Line.trimmer thani,0
1009,Outdoor Tools & Equipments.Trimmer.Batteries.us battery,0
1010,Outdoor Tools & Equipments.Trimmer.Batteries.year battery warranty,0
1011,Outdoor Tools & Equipments.Trimmer.Trimmer Line.line twist break,0
1012,Outdoor Tools & Equipments.Trimmer.Replacement Heads.cutter head,0
1013,Outdoor Tools & Equipments.Trimmer.Replacement Heads.head piece,0
1014,Outdoor Tools & Equipments.Trimmer.Trimmer Line.duty line,0
1015,Outdoor Tools & Equipments.Trimmer.Trimmer Line.help line,0
1016,Outdoor Tools & Equipments.Lawn Mower.Batteries & Chargers.battery size,0
1017,"Outdoor Tools & Equipments.Trimmer.Oils, Lubricants & Additives.additive",0
1018,Outdoor Tools & Equipments.Trimmer.Batteries.battery,0
1019,Outdoor Tools & Equipments.Blower.Charger.battery charger,0
1020,Outdoor Tools & Equipments.Blower.Battery.battery charge length,0
1021,Outdoor Tools & Equipments.Lawn Mower.Wheels.front wheel adjuster,0
1022,Outdoor Tools & Equipments.Chainsaws.Chains.leak chain oil,0
1023,Outdoor Tools & Equipments.Pressure Washers.Extension Wands.wand section,0
1024,Outdoor Tools & Equipments.Trimmer.Trimmer Line.trimmer,0
1025,Outdoor Tools & Equipments.Lawn Mower.Wheels.wheel skid mark,0
1026,Outdoor Tools & Equipments.Chainsaws.Chains.saw chain,0
1027,Outdoor Tools & Equipments.Lawn Mower.Batteries & Chargers.battery way,0
1028,Outdoor Tools & Equipments.Lawn Mower.Gas Cans./ gas mileage,0
1029,Outdoor Tools & Equipments.Lawn Mower.Engines.engine “ tractor ”,0
1030,Outdoor Tools & Equipments.Chainsaws.Bars.bar cover,0
1031,Outdoor Tools & Equipments.Lawn Mower.Engines.hp gas engine,0
1032,Outdoor Tools & Equipments.Blower.Vacuum Kit.gas vacuum,0
1033,Outdoor Tools & Equipments.Trimmer.Batteries.% battery left,0
1034,Outdoor Tools & Equipments.Pressure Washers.Spray Guns.spray pattern,0
1035,Outdoor Tools & Equipments.Blower.Battery.ah battery,0
1036,Outdoor Tools & Equipments.Trimmer.Trimmer Line.line tight,0
1037,Outdoor Tools & Equipments.Trimmer.Trimmer Line.trimmer string,0
1038,Outdoor Tools & Equipments.Trimmer.Trimmer Line.craftsman cordless trimmer,0
1039,Outdoor Tools & Equipments.Lawn Mower.Engines.piston engine,0
1040,Outdoor Tools & Equipments.Lawn Mower.Batteries & Chargers.husqvarna battery,0
1041,Outdoor Tools & Equipments.Pressure Washers.Extension Wands.ft  wand,0
1042,Outdoor Tools & Equipments.Trimmer.Batteries.decker battery,0
1043,Outdoor Tools & Equipments.Lawn Mower.Blades & Sharpeners.blade system,0
1044,Outdoor Tools & Equipments.Trimmer.Replacement Heads.head screw,0
1045,Outdoor Tools & Equipments.Lawn Mower.Blades & Sharpeners.discharge blade,0
1046,Outdoor Tools & Equipments.Lawn Mower.Batteries & Chargers.v20 battery,0
1047,Outdoor Tools & Equipments.Pressure Washers.Extension Wands.pw extension wand,0
1048,Outdoor Tools & Equipments.Chainsaws.Chains.husky chain last,0
1049,Outdoor Tools & Equipments.Trimmer.Trimmer Line.volt line,0
1050,Outdoor Tools & Equipments.Trimmer.Trimmer Line.brand line,0
1051,Outdoor Tools & Equipments.Trimmer.Trimmer Line.v weed trimmer,0
1052,Outdoor Tools & Equipments.Trimmer.Batteries.battery pack weed eater,0
1053,Outdoor Tools & Equipments.Chainsaws.Oil.quality oil,0
1054,Outdoor Tools & Equipments.Pressure Washers.Extension Wands.wand trigger,0
1055,Outdoor Tools & Equipments.Blower.Battery.battery run time,0
1056,Outdoor Tools & Equipments.Trimmer.Batteries.decker battery trimmer,0
1057,Outdoor Tools & Equipments.Blower.Battery.d battery,0
1058,Outdoor Tools & Equipments.Chainsaws.Chains.chain oiler,0
1059,Outdoor Tools & Equipments.Blower.Battery.battery slot,0
1060,Outdoor Tools & Equipments.Trimmer.Trimmer Line.craftsman trimmer,0
1061,Outdoor Tools & Equipments.Lawn Mower.Gas Cans.stinky gas smell,0
1062,Outdoor Tools & Equipments.Blower.Battery.battery leftover,0
1063,Outdoor Tools & Equipments.Lawn Mower.Engines.kohler engine fire,0
1064,"Outdoor Tools & Equipments.Trimmer.Oils, Lubricants & Additives.oil change",0
1065,Outdoor Tools & Equipments.Lawn Mower.Wheels.wheel drive unit,0
1066,Outdoor Tools & Equipments.Trimmer.Replacement Heads.trimmer head,0
1067,Outdoor Tools & Equipments.Trimmer.Batteries.effect battery life,0
1068,Outdoor Tools & Equipments.Lawn Mower.Gas Cans.honda gas mower,0
1069,Outdoor Tools & Equipments.Chainsaws.Cases.saw case,0
1070,Outdoor Tools & Equipments.Trimmer.Trimmer Line.gasoline trimmer,0
1071,Outdoor Tools & Equipments.Lawn Mower.Gas Cans.murray gas mower,0
1072,Outdoor Tools & Equipments.Trimmer.Trimmer Line.line break,0
1073,Outdoor Tools & Equipments.Blower.Bag.bag today,0
1074,Outdoor Tools & Equipments.Lawn Mower.Wheels.wheel drive self propel,0
1075,Outdoor Tools & Equipments.Chainsaws.Chains.couple chain adjustment,0
1076,Outdoor Tools & Equipments.Lawn Mower.Wheels.hind wheel,0
1077,Outdoor Tools & Equipments.Trimmer.Trimmer Line.trimmer combo,0
1078,Outdoor Tools & Equipments.Chainsaws.Chains.model chain,0
1079,Outdoor Tools & Equipments.Trimmer.Trimmer Line.line dispenser,0
1080,Outdoor Tools & Equipments.Chainsaws.Chains.spare chain,0
1081,Outdoor Tools & Equipments.Chainsaws.Chains.chain tensioner,0
1082,Outdoor Tools & Equipments.Lawn Mower.Batteries & Chargers.minute charge,0
1083,Outdoor Tools & Equipments.Chainsaws.Oil.bar/ chain oil,0
1084,Outdoor Tools & Equipments.Lawn Mower.Blades & Sharpeners.blade design,0
1085,Outdoor Tools & Equipments.Blower.Battery.battery management system,0
1086,Outdoor Tools & Equipments.Lawn Mower.Batteries & Chargers.size battery,0
1087,Outdoor Tools & Equipments.Lawn Mower.Batteries & Chargers.amp battery,0
1088,Outdoor Tools & Equipments.Trimmer.Batteries.spare battery,0
1089,Outdoor Tools & Equipments.Blower.Battery.battery stay,0
1090,Outdoor Tools & Equipments.Trimmer.Batteries.life battery,0
1091,Outdoor Tools & Equipments.Trimmer.Trimmer Line.dewalt hedge trimmer,0
1092,Outdoor Tools & Equipments.Pressure Washers.Extension Wands.ga extension cord,0
1093,Outdoor Tools & Equipments.Pressure Washers.Pumps.power washer pump,0
1094,Outdoor Tools & Equipments.Pressure Washers.Spray Guns.hand spray,0
1095,Outdoor Tools & Equipments.Chainsaws.Chains.” chain,0
1096,Outdoor Tools & Equipments.Lawn Mower.Gas Cans.octane gas,0
1097,Outdoor Tools & Equipments.Trimmer.Batteries.battery lawn equipment,0
1098,Outdoor Tools & Equipments.Pressure Washers.Hoses.hose lowes,0
1099,Outdoor Tools & Equipments.Trimmer.Trimmer Line.quality trimmer,0
1100,Outdoor Tools & Equipments.Pressure Washers.Hoses.foot water hose,0
1101,Outdoor Tools & Equipments.Trimmer.Batteries.battery strength,0
1102,Outdoor Tools & Equipments.Blower.Battery.battery characteristic,0
1103,Outdoor Tools & Equipments.Blower.Battery.battery cool,0
1104,Outdoor Tools & Equipments.Chainsaws.Chains.factory chain,0
1105,Outdoor Tools & Equipments.Lawn Mower.Batteries & Chargers.battery limit,0
1106,Outdoor Tools & Equipments.Chainsaws.Oil.buy chain oil,0
1107,Outdoor Tools & Equipments.Trimmer.Replacement Heads.factory head,0
1108,Outdoor Tools & Equipments.Trimmer.Trimmer Line.trimmer extension,0
1109,Outdoor Tools & Equipments.Lawn Mower.Gas Cans.snapper gas mower,0
1110,Outdoor Tools & Equipments.Chainsaws.Chains.size chain file,0
1111,Outdoor Tools & Equipments.Pressure Washers.Extension Wands.wand quick connect,0
1112,Outdoor Tools & Equipments.Blower.Battery.battery power leaf blower,0
1113,Outdoor Tools & Equipments.Blower.Battery.battery faster,0
1114,Outdoor Tools & Equipments.Trimmer.Batteries.speed battery,0
1115,Outdoor Tools & Equipments.Lawn Mower.Batteries & Chargers.battery charger,0
1116,Outdoor Tools & Equipments.Chainsaws.Bars.bar chain oil,0
1117,Outdoor Tools & Equipments.Trimmer.Replacement Heads.replacement string,0
1118,Outdoor Tools & Equipments.Chainsaws.Bars.air in  the handle bar,0
1119,Outdoor Tools & Equipments.Pressure Washers.Pumps.pressure pump,0
1120,Outdoor Tools & Equipments.Chainsaws.Chains.husqvarna brand chain,0
1121,Outdoor Tools & Equipments.Chainsaws.Oil.husqvarna bar oil,0
1122,Outdoor Tools & Equipments.Blower.Battery.stage battery,0
1123,Outdoor Tools & Equipments.Chainsaws.Chains.chain adjustment system,0
1124,Outdoor Tools & Equipments.Blower.Bag.cloth bag,0
1125,Outdoor Tools & Equipments.Chainsaws.Chains.chain stop,0
1126,Outdoor Tools & Equipments.Pressure Washers.Spray Guns.spray type,0
1127,Outdoor Tools & Equipments.Lawn Mower.Engines.engine vibration,0
1128,Outdoor Tools & Equipments.Lawn Mower.Batteries & Chargers.battery life way,0
1129,Outdoor Tools & Equipments.Chainsaws.Oil.oil release bolt,0
1130,Outdoor Tools & Equipments.Trimmer.Batteries.battery work unit,0
1131,Outdoor Tools & Equipments.Chainsaws.Chains.chain fit,0
1132,Outdoor Tools & Equipments.Trimmer.Trimmer Line.stroke trimmer,0
1133,Outdoor Tools & Equipments.Trimmer.Trimmer Line.trimmer hanger,0
1134,Outdoor Tools & Equipments.Pressure Washers.Hoses.quality hose,0
1135,Outdoor Tools & Equipments.Trimmer.Batteries.battery housing,0
1136,Outdoor Tools & Equipments.Lawn Mower.Wheels.rear wheel,0
1137,Outdoor Tools & Equipments.Trimmer.Trimmer Line.brand trimmer,0
1138,Outdoor Tools & Equipments.Chainsaws.Bars.replacement bar,0
1139,Outdoor Tools & Equipments.Trimmer.Trimmer Line.kobalt hedge trimmer,0
1140,Outdoor Tools & Equipments.Trimmer.Replacement Heads.husqvarna t55x bump head,0
1141,Outdoor Tools & Equipments.Lawn Mower.Batteries & Chargers.game changer,0
1142,Outdoor Tools & Equipments.Lawn Mower.Wheels.wheel barrow,0
1143,Outdoor Tools & Equipments.Blower.Battery.battery charger,0
1144,Outdoor Tools & Equipments.Trimmer.Trimmer Line.trimmer feel,0
1145,Outdoor Tools & Equipments.Chainsaws.Oil.auto oil feature,0
1146,Outdoor Tools & Equipments.Lawn Mower.Engines.engine rider,0
1147,Outdoor Tools & Equipments.Pressure Washers.Extension Wands.telescopic wand,0
1148,Outdoor Tools & Equipments.Blower.Battery.battery indicator,0
1149,Outdoor Tools & Equipments.Chainsaws.Bars.” bar,0
1150,Outdoor Tools & Equipments.Trimmer.Trimmer Line.weed trimmer,0
1151,Outdoor Tools & Equipments.Chainsaws.Bars.bar oil tank,0
1152,Outdoor Tools & Equipments.Lawn Mower.Engines.engine stabilizer,0
1153,Outdoor Tools & Equipments.Trimmer.Trimmer Line.gas trimmer,0
1154,Outdoor Tools & Equipments.Chainsaws.Bars.husqvarna bar,0
1155,Outdoor Tools & Equipments.Trimmer.Trimmer Line.craftsman trimner,0
1156,Outdoor Tools & Equipments.Trimmer.Trimmer Line.bump line feed,0
1157,Outdoor Tools & Equipments.Lawn Mower.Engines.choke honda engine,0
1158,Outdoor Tools & Equipments.Blower.Battery.battery operation,0
1159,Outdoor Tools & Equipments.Lawn Mower.Gas Cans.plastic gas tank,0
1160,Outdoor Tools & Equipments.Blower.Bag.bag size,0
1161,Outdoor Tools & Equipments.Trimmer.Trimmer Line.gas trimmer perform,0
1162,Outdoor Tools & Equipments.Blower.Bag.mulch bag,0
1163,Outdoor Tools & Equipments.Lawn Mower.Batteries & Chargers.hour battery charge,0
1164,Outdoor Tools & Equipments.Pressure Washers.Pumps.pump pressure,0
1165,Outdoor Tools & Equipments.Lawn Mower.Wheels.wheel fall,0
1166,Outdoor Tools & Equipments.Trimmer.Trimmer Line.trimmer twice,0
1167,Outdoor Tools & Equipments.Blower.Bag.oil bag sample,0
1168,Outdoor Tools & Equipments.Pressure Washers.Spray Guns.trigger gun,0
1169,Outdoor Tools & Equipments.Chainsaws.Bars.bar oil,0
1170,Outdoor Tools & Equipments.Pressure Washers.Nozzles.” round push nozzle,0
1171,Outdoor Tools & Equipments.Lawn Mower.Wheels.wheel height,0
1172,Outdoor Tools & Equipments.Blower.Battery.speed battery,0
1173,Outdoor Tools & Equipments.Blower.Battery.cent battery,0
1174,Outdoor Tools & Equipments.Lawn Mower.Batteries & Chargers.battery charger quit,0
1175,Outdoor Tools & Equipments.Trimmer.Trimmer Line.bolens trimmer,0
1176,Outdoor Tools & Equipments.Trimmer.Trimmer Line.cordless battery trimmer,0
1177,Outdoor Tools & Equipments.Trimmer.Trimmer Line.dewalt dcst925b trimmer,0
1178,Outdoor Tools & Equipments.Blower.Battery.battery life,0
1179,Outdoor Tools & Equipments.Trimmer.Trimmer Line.replacement trimmer head,0
1180,Outdoor Tools & Equipments.Trimmer.Batteries.battery technology,0
1181,Outdoor Tools & Equipments.Trimmer.Replacement Heads.stock replacement part,0
1182,"Outdoor Tools & Equipments.Trimmer.Oils, Lubricants & Additives.oil mixture",0
1183,Outdoor Tools & Equipments.Trimmer.Trimmer Line.trimmer line,0
1184,Outdoor Tools & Equipments.Blower.Bag.shoulder bag,0
1185,Outdoor Tools & Equipments.Trimmer.Trimmer Line.drive trimmer,0
1186,Outdoor Tools & Equipments.Chainsaws.Chains.working chain,0
1187,Outdoor Tools & Equipments.Lawn Mower.Gas Cans.gallon can,0
1188,Outdoor Tools & Equipments.Blower.Bag.trash bag,0
1189,Outdoor Tools & Equipments.Chainsaws.Chains.chain issue,0
1190,Outdoor Tools & Equipments.Lawn Mower.Blades & Sharpeners.blade stop,0
1191,Outdoor Tools & Equipments.Blower.Charger.% charge,0
1192,Outdoor Tools & Equipments.Lawn Mower.Batteries & Chargers.battery charging,0
1193,Outdoor Tools & Equipments.Pressure Washers.Spray Guns.replacement spray gun,0
1194,Outdoor Tools & Equipments.Trimmer.Trimmer Line.gas line,0
1195,Outdoor Tools & Equipments.Lawn Mower.Batteries & Chargers.battery maintainer,0
1196,Outdoor Tools & Equipments.Lawn Mower.Gas Cans.gas station,0
1197,Outdoor Tools & Equipments.Blower.Battery.battery operating,0
1198,Outdoor Tools & Equipments.Blower.Battery.battery cost,0
1199,Outdoor Tools & Equipments.Trimmer.Trimmer Line.trimmer head rotation,0
1200,Outdoor Tools & Equipments.Lawn Mower.Gas Cans.gas filter,0
1201,Outdoor Tools & Equipments.Blower.Battery.battery thinking,0
1202,Outdoor Tools & Equipments.Chainsaws.Chains.chain oil leakage,0
1203,Outdoor Tools & Equipments.Trimmer.Replacement Heads.bump feed head,0
1204,Outdoor Tools & Equipments.Lawn Mower.Blades & Sharpeners.junky blade,0
1205,Outdoor Tools & Equipments.Trimmer.Batteries.battery hedge trimer,0
1206,Outdoor Tools & Equipments.Pressure Washers.Hoses.hose work,0
1207,Outdoor Tools & Equipments.Lawn Mower.Engines.engine amd,0
1208,Outdoor Tools & Equipments.Pressure Washers.Hoses.pressure hose,0
1209,Outdoor Tools & Equipments.Pressure Washers.Pumps.gasket failure pump,0
1210,Outdoor Tools & Equipments.Blower.Battery.kolbolt battery snowblower,0
1211,Outdoor Tools & Equipments.Lawn Mower.Batteries & Chargers.battery longevity,0
1212,Outdoor Tools & Equipments.Trimmer.Trimmer Line.gas trimmer user,0
1213,Outdoor Tools & Equipments.Trimmer.Trimmer Line.sent trimmer,0
1214,Outdoor Tools & Equipments.Trimmer.Replacement Heads.spool head body,0
1215,Outdoor Tools & Equipments.Chainsaws.Oil.bar oil,0
1216,Outdoor Tools & Equipments.Trimmer.Replacement Heads.replacement battery,0
1217,Outdoor Tools & Equipments.Trimmer.Replacement Heads.line head design,0
1218,Outdoor Tools & Equipments.Chainsaws.Chains.dull chain,0
1219,Outdoor Tools & Equipments.Trimmer.Trimmer Line.trimmer thinking,0
1220,Outdoor Tools & Equipments.Trimmer.Replacement Heads.replacement model,0
1221,Outdoor Tools & Equipments.Blower.Vacuum Kit.vacuum setting,0
1222,Outdoor Tools & Equipments.Chainsaws.Chains.bar chain oil,0
1223,Outdoor Tools & Equipments.Trimmer.Trimmer Line.shrubbery trimmer,0
1224,Outdoor Tools & Equipments.Trimmer.Trimmer Line.string trimmer,0
1225,Outdoor Tools & Equipments.Pressure Washers.Spray Guns.power spray diameter,0
1226,Outdoor Tools & Equipments.Trimmer.Replacement Heads.gas replacement,0
1227,Outdoor Tools & Equipments.Blower.Vacuum Kit.conversion kit,0
1228,Outdoor Tools & Equipments.Blower.Battery.kobalt battery,0
1229,Outdoor Tools & Equipments.Lawn Mower.Gas Cans.gas mileage,0
1230,Outdoor Tools & Equipments.Lawn Mower.Blades & Sharpeners.blade care,0
1231,Outdoor Tools & Equipments.Lawn Mower.Blades & Sharpeners.left blade,0
1232,Outdoor Tools & Equipments.Pressure Washers.Extension Wands.extension cord,0
1233,Outdoor Tools & Equipments.Trimmer.Trimmer Line.trimmer shaft bearing,0
1234,Outdoor Tools & Equipments.Pressure Washers.Spray Guns.spray head,0
1235,Outdoor Tools & Equipments.Lawn Mower.Batteries & Chargers.battery conserving,0
1236,Outdoor Tools & Equipments.Pressure Washers.Fittings.fitting,0
1237,Outdoor Tools & Equipments.Trimmer.Trimmer Line.duty line cut,0
1238,Outdoor Tools & Equipments.Chainsaws.Chains.oregon brand chain,0
1239,Outdoor Tools & Equipments.Trimmer.Trimmer Line.trimmer spool,0
1240,Outdoor Tools & Equipments.Lawn Mower.Gas Cans.gas gauge stick,0
1241,Outdoor Tools & Equipments.Chainsaws.Oil.chain oil,0
1242,Outdoor Tools & Equipments.Blower.Bag.backpack bag,0
1243,Outdoor Tools & Equipments.Lawn Mower.Blades & Sharpeners.blade bolt,0
1244,Outdoor Tools & Equipments.Trimmer.Trimmer Line.trimmer head/attachment,0
1245,Outdoor Tools & Equipments.Blower.Battery.battery easy,0
1246,Outdoor Tools & Equipments.Blower.Battery.backup battery,0
1247,Outdoor Tools & Equipments.Trimmer.Trimmer Line.string line,0
1248,Outdoor Tools & Equipments.Lawn Mower.Blades & Sharpeners.type blade,0
1249,Outdoor Tools & Equipments.Trimmer.Trimmer Line.hedge trimmer,0
1250,Outdoor Tools & Equipments.Lawn Mower.Blades & Sharpeners.blade holder,0
1251,Outdoor Tools & Equipments.Lawn Mower.Batteries & Chargers.battery lawn mower,0
1252,Outdoor Tools & Equipments.Pressure Washers.Extension Wands.extension cord excuse,0
1253,Outdoor Tools & Equipments.Lawn Mower.Blades & Sharpeners.spare blade,0
1254,Outdoor Tools & Equipments.Lawn Mower.Gas Cans.garbage can,0
1255,Outdoor Tools & Equipments.Lawn Mower.Engines.engine manual,0
1256,Outdoor Tools & Equipments.Trimmer.Trimmer Line.craftsman hedge trimmer,0
1257,Outdoor Tools & Equipments.Lawn Mower.Blades & Sharpeners.shot blade,0
1258,Outdoor Tools & Equipments.Lawn Mower.Engines.auto choke engine,0
1259,Outdoor Tools & Equipments.Chainsaws.Chains.chainsaw chain,0
1260,Outdoor Tools & Equipments.Chainsaws.Bars.bar groove,0
1261,Outdoor Tools & Equipments.Chainsaws.Chains.stock chain,0
1262,Outdoor Tools & Equipments.Trimmer.Trimmer Line.line fee,0
1263,Outdoor Tools & Equipments.Chainsaws.Oil.oil mix thru,0
1264,Outdoor Tools & Equipments.Trimmer.Replacement Heads.head need,0
1265,Outdoor Tools & Equipments.Blower.Battery.battery store,0
1266,Outdoor Tools & Equipments.Chainsaws.Bars.chain bar lube,0
1267,Outdoor Tools & Equipments.Trimmer.Replacement Heads.head clockwise,0
1268,Outdoor Tools & Equipments.Lawn Mower.Blades & Sharpeners.blade spindle,0
1269,Outdoor Tools & Equipments.Chainsaws.Chains.replacement chainsaw chain,0
1270,Outdoor Tools & Equipments.Pressure Washers.Spray Guns.spray nozzle,0
1271,Outdoor Tools & Equipments.Lawn Mower.Batteries & Chargers.battery price,0
1272,Outdoor Tools & Equipments.Pressure Washers.Extension Wands.metal wand rod,0
1273,Outdoor Tools & Equipments.Pressure Washers.Hoses.garden hose fitting,0
1274,Outdoor Tools & Equipments.Trimmer.Trimmer Line.cheapo trimmer,0
1275,Outdoor Tools & Equipments.Chainsaws.Chains.chain adjuster,0
1276,Outdoor Tools & Equipments.Lawn Mower.Blades & Sharpeners.hour blade,0
1277,Outdoor Tools & Equipments.Trimmer.Trimmer Line.string trimmer attachment,0
1278,Outdoor Tools & Equipments.Trimmer.Trimmer Line.nylon line,0
1279,Outdoor Tools & Equipments.Trimmer.Trimmer Line.dewalt battery trimmer,0
1280,Outdoor Tools & Equipments.Pressure Washers.Extension Wands.wand trigger valve,0
1281,Outdoor Tools & Equipments.Blower.Battery.battery “,0
1282,Outdoor Tools & Equipments.Trimmer.Batteries.% battery life,0
1283,Outdoor Tools & Equipments.Trimmer.Batteries.battery run hedge trimmer,0
1284,Outdoor Tools & Equipments.Trimmer.Trimmer Line.trimmer design,0
1285,Outdoor Tools & Equipments.Blower.Charger.battery charge period,0
1286,Outdoor Tools & Equipments.Trimmer.Trimmer Line.weed eater brand trimmer,0
1287,Outdoor Tools & Equipments.Chainsaws.Chains.sun joe electric chain,0
1288,Outdoor Tools & Equipments.Blower.Vacuum Kit.vacuum mulcher,0
1289,Outdoor Tools & Equipments.Blower.Bag.bag need,0
1290,Outdoor Tools & Equipments.Trimmer.Trimmer Line.auto line feed,0
1291,Outdoor Tools & Equipments.Lawn Mower.Engines.engine sticker,0
1292,Outdoor Tools & Equipments.Blower.Battery.with2 battery,0
1293,Outdoor Tools & Equipments.Blower.Battery.battery loading/ejecting,0
1294,Outdoor Tools & Equipments.Chainsaws.Bars.bar good,0
1295,Outdoor Tools & Equipments.Lawn Mower.Blades & Sharpeners.bagging blade,0
1296,Outdoor Tools & Equipments.Trimmer.Trimmer Line.stihl gas weed trimmer,0
1297,Outdoor Tools & Equipments.Blower.Bag.vacuum bag attache,0
1298,Outdoor Tools & Equipments.Blower.Charger.charge throw,0
1299,Outdoor Tools & Equipments.Chainsaws.Bars.bar tip,0
1300,Outdoor Tools & Equipments.Lawn Mower.Blades & Sharpeners.stock bagging blade,0
1301,Outdoor Tools & Equipments.Blower.Bag.bag zipper,0
1302,Outdoor Tools & Equipments.Pressure Washers.Spray Guns.gun holder,0
1303,Outdoor Tools & Equipments.Blower.Battery.battery charge status,0
1304,Outdoor Tools & Equipments.Chainsaws.Chains.bar tensioner/ chain tensioner screw,0
1305,Outdoor Tools & Equipments.Trimmer.Replacement Heads.shakespeare brand head,0
1306,Outdoor Tools & Equipments.Chainsaws.Chains.correct chain,0
1307,Outdoor Tools & Equipments.Trimmer.Batteries.power battery cut,0
1308,Outdoor Tools & Equipments.Trimmer.Trimmer Line.wheel w/  080 line,0
1309,Outdoor Tools & Equipments.Lawn Mower.Engines.engine speed,0
1310,Outdoor Tools & Equipments.Chainsaws.Chains.chain didnt spin,0
1311,Outdoor Tools & Equipments.Pressure Washers.Spray Guns.gun handle,0
1312,Outdoor Tools & Equipments.Trimmer.Trimmer Line.trimmer easy,0
1313,Outdoor Tools & Equipments.Chainsaws.Bars.bar oil reserve,0
1314,Outdoor Tools & Equipments.Blower.Charger.stihl charge,0
1315,Outdoor Tools & Equipments.Lawn Mower.Batteries & Chargers.battery compartment,0
1316,Outdoor Tools & Equipments.Chainsaws.Oil.oil can,0
1317,Outdoor Tools & Equipments.Lawn Mower.Blades & Sharpeners.blade retainer bolt/washer,0
1318,Outdoor Tools & Equipments.Trimmer.Batteries.kobalt battery trimmer,0
1319,Outdoor Tools & Equipments.Trimmer.Trimmer Line.cordless hedge trimmer,0
1320,Outdoor Tools & Equipments.Chainsaws.Oil.oil port,0
1321,Outdoor Tools & Equipments.Blower.Battery.battery installation,0
1322,Outdoor Tools & Equipments.Blower.Charger.kobalt charger,0
1323,Outdoor Tools & Equipments.Trimmer.Replacement Heads.feed head,0
1324,Outdoor Tools & Equipments.Trimmer.Trimmer Line.craftsman timmer,0
1325,Outdoor Tools & Equipments.Trimmer.Trimmer Line.line edge,0
1326,Outdoor Tools & Equipments.Trimmer.Trimmer Line.kobalt trimmer,0
1327,Outdoor Tools & Equipments.Trimmer.Trimmer Line.volt trimmer weighs,0
1328,Outdoor Tools & Equipments.Chainsaws.Oil.oil problem,0
1329,Outdoor Tools & Equipments.Trimmer.Trimmer Line.hedge trimmer cut,0
1330,Outdoor Tools & Equipments.Trimmer.Trimmer Line.line right,0
1331,Outdoor Tools & Equipments.Trimmer.Batteries.cordless battery,0
1332,Outdoor Tools & Equipments.Blower.Bag.replacement bag,0
1333,Outdoor Tools & Equipments.Pressure Washers.Extension Wands.center wand,0
1334,Outdoor Tools & Equipments.Lawn Mower.Gas Cans.gas counterpart,0
1335,Outdoor Tools & Equipments.Lawn Mower.Blades & Sharpeners.blade work,0
1336,Outdoor Tools & Equipments.Chainsaws.Bars.oregon bar,0
1337,Outdoor Tools & Equipments.Pressure Washers.Nozzles.story nozzle,0
1338,Outdoor Tools & Equipments.Trimmer.Trimmer Line.type trimmer,0
1339,Outdoor Tools & Equipments.Trimmer.Replacement Heads.bump head,0
1340,Outdoor Tools & Equipments.Pressure Washers.Spray Guns.karcher versagrip gun,0
1341,Outdoor Tools & Equipments.Blower.Bag.bag connects,0
1342,Outdoor Tools & Equipments.Lawn Mower.Gas Cans.gas control,0
1343,Outdoor Tools & Equipments.Pressure Washers.Pumps.aluminum pump,0
1344,Outdoor Tools & Equipments.Blower.Battery.battery died/wo,0
1345,Outdoor Tools & Equipments.Trimmer.Trimmer Line.line tougher please,0
1346,Outdoor Tools & Equipments.Lawn Mower.Batteries & Chargers.battery mower,0
1347,Outdoor Tools & Equipments.Trimmer.Batteries.duty battery,0
1348,Outdoor Tools & Equipments.Chainsaws.Bars.bar sprocket,0
1349,Outdoor Tools & Equipments.Trimmer.Trimmer Line.battery run hedge trimmer,0
1350,Outdoor Tools & Equipments.Blower.Bag.zipperless style bag,0
1351,Outdoor Tools & Equipments.Lawn Mower.Batteries & Chargers.lasting battery life,0
1352,Outdoor Tools & Equipments.Trimmer.Replacement Heads.string feeder head,0
1353,Outdoor Tools & Equipments.Lawn Mower.Batteries & Chargers.battery cable,0
1354,Outdoor Tools & Equipments.Trimmer.Batteries.battery life plenty,0
1355,Outdoor Tools & Equipments.Blower.Charger.battery charge,0
1356,Outdoor Tools & Equipments.Trimmer.Batteries.battery last,0
1357,Outdoor Tools & Equipments.Lawn Mower.Wheels.drive wheel,0
1358,Outdoor Tools & Equipments.Chainsaws.Oil.oil dye,0
1359,Outdoor Tools & Equipments.Lawn Mower.Gas Cans.honda gas,0
1360,Outdoor Tools & Equipments.Trimmer.Batteries.power battery,0
1361,Outdoor Tools & Equipments.Trimmer.Trimmer Line.line shear,0
1362,Outdoor Tools & Equipments.Lawn Mower.Gas Cans.hp gas engine,0
1363,Outdoor Tools & Equipments.Lawn Mower.Engines.horsepower kawasaki engine,0
1364,Outdoor Tools & Equipments.Trimmer.Batteries.battery cost,0
1365,Outdoor Tools & Equipments.Trimmer.Replacement Heads.trimmer head rotation,0
1366,Outdoor Tools & Equipments.Trimmer.Batteries.battery charge,0
1367,Outdoor Tools & Equipments.Lawn Mower.Batteries & Chargers.battery housing,0
1368,Outdoor Tools & Equipments.Lawn Mower.Engines.engine button,0
1369,Outdoor Tools & Equipments.Pressure Washers.Fittings.hose connector fitting,0
1370,Outdoor Tools & Equipments.Trimmer.Trimmer Line.trimmer perpendicular,0
1371,Outdoor Tools & Equipments.Lawn Mower.Batteries & Chargers.battery cool,0
1372,Outdoor Tools & Equipments.Trimmer.Trimmer Line.grass trimmer,0
1373,Outdoor Tools & Equipments.Trimmer.Replacement Heads.head feed,0
1374,Outdoor Tools & Equipments.Trimmer.Trimmer Line.worx gt trimmer,0
1375,Outdoor Tools & Equipments.Chainsaws.Chains.chain oil reservoir,0
1376,Outdoor Tools & Equipments.Lawn Mower.Wheels.front wheel drive system,0
1377,Outdoor Tools & Equipments.Chainsaws.Oil.chain oil leakage,0
1378,Outdoor Tools & Equipments.Trimmer.Batteries.battery longevity,0
1379,Outdoor Tools & Equipments.Blower.Battery.% battery left,0
1380,Outdoor Tools & Equipments.Trimmer.Trimmer Line.trimmer opening,0
1381,Outdoor Tools & Equipments.Trimmer.Replacement Heads.weedwacker head lol,0
1382,Outdoor Tools & Equipments.Lawn Mower.Batteries & Chargers.charger pack,0
1383,Outdoor Tools & Equipments.Lawn Mower.Wheels.castor type front wheel,0
1384,Outdoor Tools & Equipments.Pressure Washers.Nozzles.tornado nozzle,0
1385,Outdoor Tools & Equipments.Trimmer.Trimmer Line.fuel line,0
1386,Outdoor Tools & Equipments.Trimmer.Trimmer Line.replacement trimmer line,0
1387,Outdoor Tools & Equipments.Chainsaws.Chains.quality chain,0
1388,Outdoor Tools & Equipments.Lawn Mower.Wheels.wheel adjustment,0
1389,Outdoor Tools & Equipments.Trimmer.Replacement Heads.replacement blade,0
1390,Outdoor Tools & Equipments.Pressure Washers.Hoses.extension hose,0
1391,Outdoor Tools & Equipments.Pressure Washers.Extension Wands.foot extension,0
1392,Outdoor Tools & Equipments.Trimmer.Trimmer Line.hedge line,0
1393,Outdoor Tools & Equipments.Trimmer.Batteries.battery life,0
1394,Outdoor Tools & Equipments.Trimmer.Trimmer Line.trimmer w/,0
1395,Outdoor Tools & Equipments.Blower.Battery.charge battery,0
1396,Outdoor Tools & Equipments.Trimmer.Trimmer Line.trimmer cut,0
1397,Outdoor Tools & Equipments.Lawn Mower.Batteries & Chargers.drain battery power,0
1398,Outdoor Tools & Equipments.Chainsaws.Chains.chain break,0
1399,Outdoor Tools & Equipments.Pressure Washers.Pumps.pump froze,0
1400,Outdoor Tools & Equipments.Trimmer.Replacement Heads.pack replacement spool,0
1401,Outdoor Tools & Equipments.Trimmer.Replacement Heads.head ache,0
1402,Outdoor Tools & Equipments.Pressure Washers.Extension Wands.power washer wand,0
1403,Outdoor Tools & Equipments.Trimmer.Batteries.battery case,0
1404,Outdoor Tools & Equipments.Lawn Mower.Batteries & Chargers.neighbor carger,0
1405,Outdoor Tools & Equipments.Chainsaws.Bars.bar tip sprocket,0
1406,Outdoor Tools & Equipments.Trimmer.Batteries.ion battery,0
1407,Outdoor Tools & Equipments.Chainsaws.Oil.oil fill opening,0
1408,Outdoor Tools & Equipments.Trimmer.Trimmer Line.quality hedge trimmer,0
1409,Outdoor Tools & Equipments.Trimmer.Replacement Heads.replacement piece,0
1410,Outdoor Tools & Equipments.Lawn Mower.Blades & Sharpeners.blade belt,0
1411,"Outdoor Tools & Equipments.Trimmer.Oils, Lubricants & Additives.oil shoot",0
1412,Outdoor Tools & Equipments.Chainsaws.Cases.orange case,0
1413,Outdoor Tools & Equipments.Lawn Mower.Blades & Sharpeners.blade twice,0
1414,Outdoor Tools & Equipments.Trimmer.Batteries.battery product,0
1415,Outdoor Tools & Equipments.Chainsaws.Oil.oil flow,0
1416,Outdoor Tools & Equipments.Chainsaws.Bars.bar oil reservoir,0
1417,Outdoor Tools & Equipments.Trimmer.Trimmer Line.spool line,0
1418,Outdoor Tools & Equipments.Chainsaws.Oil.oil level,0
1419,Outdoor Tools & Equipments.Trimmer.Trimmer Line.sonetimes line,0
1420,Outdoor Tools & Equipments.Blower.Battery.battery charging time,0
1421,Outdoor Tools & Equipments.Trimmer.Batteries.battery staus,0
1422,Outdoor Tools & Equipments.Blower.Bag.bag tore,0
1423,Outdoor Tools & Equipments.Chainsaws.Chains.inch poulan chain,0
1424,Outdoor Tools & Equipments.Lawn Mower.Batteries & Chargers.dollar delivery charge,0
1425,Outdoor Tools & Equipments.Lawn Mower.Blades & Sharpeners.blade stop function,0
1426,Outdoor Tools & Equipments.Lawn Mower.Gas Cans.gas flow,0
1427,Outdoor Tools & Equipments.Lawn Mower.Gas Cans.gas pedal,0
1428,Outdoor Tools & Equipments,0
